metric,family,nativeKind,unit,timeframeMode,transform,legal,operandRequired,sideRequired,chainSuccessors,chainedRankOrderings,rankableSpreadOperands,rankOrderings,spreadOperandCount
OPEN,price,numeric,price,candle,value,yes,,,,,,,
OPEN,price,numeric,price,candle,trajectory,yes,,,,,,,
OPEN,price,numeric,price,candle,distance,yes,,,trajectory|aggregate|efficiency,,,,
OPEN,price,numeric,price,candle,spread,yes,yes,,trajectory|aggregate|efficiency,,,,50
OPEN,price,numeric,price,candle,aggregate,yes,,,,,,,
OPEN,price,numeric,price,candle,efficiency,yes,,,,,,,
OPEN,price,numeric,price,candle,bandTouch,yes,,,,,,,
OPEN,price,numeric,price,candle,classifyZone,no,,,,,,,
OPEN,price,numeric,price,candle,maxShare,no,,,,,,,
OPEN,price,numeric,price,candle,rank,no,,,,,,,
OPEN,price,numeric,price,candle,crossDetect,no,,,,,,,
OPEN,price,numeric,price,candle,count,no,,,,,,,
OPEN,price,numeric,price,candle,nearestZoneType,no,,,,,,,
OPEN,price,numeric,price,candle,nearestZoneRange,no,,,,,,,
OPEN,price,numeric,price,candle,nearestZoneDist,no,,,,,,,
OPEN,price,numeric,price,candle,nearestZoneAge,no,,,,,,,
HIGH,price,numeric,price,candle,value,yes,,,,,,,
HIGH,price,numeric,price,candle,trajectory,yes,,,,,,,
HIGH,price,numeric,price,candle,distance,yes,,,trajectory|aggregate|efficiency,,,,
HIGH,price,numeric,price,candle,spread,yes,yes,,trajectory|aggregate|efficiency,,,,50
HIGH,price,numeric,price,candle,aggregate,yes,,,,,,,
HIGH,price,numeric,price,candle,efficiency,yes,,,,,,,
HIGH,price,numeric,price,candle,bandTouch,yes,,,,,,,
HIGH,price,numeric,price,candle,classifyZone,no,,,,,,,
HIGH,price,numeric,price,candle,maxShare,no,,,,,,,
HIGH,price,numeric,price,candle,rank,no,,,,,,,
HIGH,price,numeric,price,candle,crossDetect,no,,,,,,,
HIGH,price,numeric,price,candle,count,no,,,,,,,
HIGH,price,numeric,price,candle,nearestZoneType,no,,,,,,,
HIGH,price,numeric,price,candle,nearestZoneRange,no,,,,,,,
HIGH,price,numeric,price,candle,nearestZoneDist,no,,,,,,,
HIGH,price,numeric,price,candle,nearestZoneAge,no,,,,,,,
LOW,price,numeric,price,candle,value,yes,,,,,,,
LOW,price,numeric,price,candle,trajectory,yes,,,,,,,
LOW,price,numeric,price,candle,distance,yes,,,trajectory|aggregate|efficiency,,,,
LOW,price,numeric,price,candle,spread,yes,yes,,trajectory|aggregate|efficiency,,,,50
LOW,price,numeric,price,candle,aggregate,yes,,,,,,,
LOW,price,numeric,price,candle,efficiency,yes,,,,,,,
LOW,price,numeric,price,candle,bandTouch,yes,,,,,,,
LOW,price,numeric,price,candle,classifyZone,no,,,,,,,
LOW,price,numeric,price,candle,maxShare,no,,,,,,,
LOW,price,numeric,price,candle,rank,no,,,,,,,
LOW,price,numeric,price,candle,crossDetect,no,,,,,,,
LOW,price,numeric,price,candle,count,no,,,,,,,
LOW,price,numeric,price,candle,nearestZoneType,no,,,,,,,
LOW,price,numeric,price,candle,nearestZoneRange,no,,,,,,,
LOW,price,numeric,price,candle,nearestZoneDist,no,,,,,,,
LOW,price,numeric,price,candle,nearestZoneAge,no,,,,,,,
CLOSE,price,numeric,price,candle,value,yes,,,,,,,
CLOSE,price,numeric,price,candle,trajectory,yes,,,,,,,
CLOSE,price,numeric,price,candle,distance,yes,,,trajectory|aggregate|efficiency,,,,
CLOSE,price,numeric,price,candle,spread,yes,yes,,trajectory|aggregate|efficiency,,,,50
CLOSE,price,numeric,price,candle,aggregate,yes,,,,,,,
CLOSE,price,numeric,price,candle,efficiency,yes,,,,,,,
CLOSE,price,numeric,price,candle,bandTouch,yes,,,,,,,
CLOSE,price,numeric,price,candle,classifyZone,no,,,,,,,
CLOSE,price,numeric,price,candle,maxShare,no,,,,,,,
CLOSE,price,numeric,price,candle,rank,no,,,,,,,
CLOSE,price,numeric,price,candle,crossDetect,no,,,,,,,
CLOSE,price,numeric,price,candle,count,no,,,,,,,
CLOSE,price,numeric,price,candle,nearestZoneType,no,,,,,,,
CLOSE,price,numeric,price,candle,nearestZoneRange,no,,,,,,,
CLOSE,price,numeric,price,candle,nearestZoneDist,no,,,,,,,
CLOSE,price,numeric,price,candle,nearestZoneAge,no,,,,,,,
LAST,price,numeric,price,timeless,value,yes,,,,,,,
LAST,price,numeric,price,timeless,trajectory,no,,,,,,,
LAST,price,numeric,price,timeless,distance,yes,,,,,,,
LAST,price,numeric,price,timeless,spread,yes,yes,,,,,,50
LAST,price,numeric,price,timeless,aggregate,no,,,,,,,
LAST,price,numeric,price,timeless,efficiency,no,,,,,,,
LAST,price,numeric,price,timeless,bandTouch,yes,,,,,,,
LAST,price,numeric,price,timeless,classifyZone,no,,,,,,,
LAST,price,numeric,price,timeless,maxShare,no,,,,,,,
LAST,price,numeric,price,timeless,rank,no,,,,,,,
LAST,price,numeric,price,timeless,crossDetect,no,,,,,,,
LAST,price,numeric,price,timeless,count,no,,,,,,,
LAST,price,numeric,price,timeless,nearestZoneType,no,,,,,,,
LAST,price,numeric,price,timeless,nearestZoneRange,no,,,,,,,
LAST,price,numeric,price,timeless,nearestZoneDist,no,,,,,,,
LAST,price,numeric,price,timeless,nearestZoneAge,no,,,,,,,
MARK,price,numeric,price,timeless,value,yes,,,,,,,
MARK,price,numeric,price,timeless,trajectory,no,,,,,,,
MARK,price,numeric,price,timeless,distance,yes,,,,,,,
MARK,price,numeric,price,timeless,spread,yes,yes,,,,,,50
MARK,price,numeric,price,timeless,aggregate,no,,,,,,,
MARK,price,numeric,price,timeless,efficiency,no,,,,,,,
MARK,price,numeric,price,timeless,bandTouch,yes,,,,,,,
MARK,price,numeric,price,timeless,classifyZone,no,,,,,,,
MARK,price,numeric,price,timeless,maxShare,no,,,,,,,
MARK,price,numeric,price,timeless,rank,no,,,,,,,
MARK,price,numeric,price,timeless,crossDetect,no,,,,,,,
MARK,price,numeric,price,timeless,count,no,,,,,,,
MARK,price,numeric,price,timeless,nearestZoneType,no,,,,,,,
MARK,price,numeric,price,timeless,nearestZoneRange,no,,,,,,,
MARK,price,numeric,price,timeless,nearestZoneDist,no,,,,,,,
MARK,price,numeric,price,timeless,nearestZoneAge,no,,,,,,,
ORACLE,price,numeric,price,timeless,value,yes,,,,,,,
ORACLE,price,numeric,price,timeless,trajectory,no,,,,,,,
ORACLE,price,numeric,price,timeless,distance,yes,,,,,,,
ORACLE,price,numeric,price,timeless,spread,yes,yes,,,,,,50
ORACLE,price,numeric,price,timeless,aggregate,no,,,,,,,
ORACLE,price,numeric,price,timeless,efficiency,no,,,,,,,
ORACLE,price,numeric,price,timeless,bandTouch,yes,,,,,,,
ORACLE,price,numeric,price,timeless,classifyZone,no,,,,,,,
ORACLE,price,numeric,price,timeless,maxShare,no,,,,,,,
ORACLE,price,numeric,price,timeless,rank,no,,,,,,,
ORACLE,price,numeric,price,timeless,crossDetect,no,,,,,,,
ORACLE,price,numeric,price,timeless,count,no,,,,,,,
ORACLE,price,numeric,price,timeless,nearestZoneType,no,,,,,,,
ORACLE,price,numeric,price,timeless,nearestZoneRange,no,,,,,,,
ORACLE,price,numeric,price,timeless,nearestZoneDist,no,,,,,,,
ORACLE,price,numeric,price,timeless,nearestZoneAge,no,,,,,,,
SPOT_CLOSE_CB,price,numeric,price,timeless,value,yes,,,,,,,
SPOT_CLOSE_CB,price,numeric,price,timeless,trajectory,no,,,,,,,
SPOT_CLOSE_CB,price,numeric,price,timeless,distance,yes,,,,,,,
SPOT_CLOSE_CB,price,numeric,price,timeless,spread,yes,yes,,,,,,50
SPOT_CLOSE_CB,price,numeric,price,timeless,aggregate,no,,,,,,,
SPOT_CLOSE_CB,price,numeric,price,timeless,efficiency,no,,,,,,,
SPOT_CLOSE_CB,price,numeric,price,timeless,bandTouch,yes,,,,,,,
SPOT_CLOSE_CB,price,numeric,price,timeless,classifyZone,no,,,,,,,
SPOT_CLOSE_CB,price,numeric,price,timeless,maxShare,no,,,,,,,
SPOT_CLOSE_CB,price,numeric,price,timeless,rank,no,,,,,,,
SPOT_CLOSE_CB,price,numeric,price,timeless,crossDetect,no,,,,,,,
SPOT_CLOSE_CB,price,numeric,price,timeless,count,no,,,,,,,
SPOT_CLOSE_CB,price,numeric,price,timeless,nearestZoneType,no,,,,,,,
SPOT_CLOSE_CB,price,numeric,price,timeless,nearestZoneRange,no,,,,,,,
SPOT_CLOSE_CB,price,numeric,price,timeless,nearestZoneDist,no,,,,,,,
SPOT_CLOSE_CB,price,numeric,price,timeless,nearestZoneAge,no,,,,,,,
SPOT_CLOSE_BN,price,numeric,price,timeless,value,yes,,,,,,,
SPOT_CLOSE_BN,price,numeric,price,timeless,trajectory,no,,,,,,,
SPOT_CLOSE_BN,price,numeric,price,timeless,distance,yes,,,,,,,
SPOT_CLOSE_BN,price,numeric,price,timeless,spread,yes,yes,,,,,,50
SPOT_CLOSE_BN,price,numeric,price,timeless,aggregate,no,,,,,,,
SPOT_CLOSE_BN,price,numeric,price,timeless,efficiency,no,,,,,,,
SPOT_CLOSE_BN,price,numeric,price,timeless,bandTouch,yes,,,,,,,
SPOT_CLOSE_BN,price,numeric,price,timeless,classifyZone,no,,,,,,,
SPOT_CLOSE_BN,price,numeric,price,timeless,maxShare,no,,,,,,,
SPOT_CLOSE_BN,price,numeric,price,timeless,rank,no,,,,,,,
SPOT_CLOSE_BN,price,numeric,price,timeless,crossDetect,no,,,,,,,
SPOT_CLOSE_BN,price,numeric,price,timeless,count,no,,,,,,,
SPOT_CLOSE_BN,price,numeric,price,timeless,nearestZoneType,no,,,,,,,
SPOT_CLOSE_BN,price,numeric,price,timeless,nearestZoneRange,no,,,,,,,
SPOT_CLOSE_BN,price,numeric,price,timeless,nearestZoneDist,no,,,,,,,
SPOT_CLOSE_BN,price,numeric,price,timeless,nearestZoneAge,no,,,,,,,
BAR_FORMING,price,classification,,candle,value,yes,,,,,,,
BAR_FORMING,price,classification,,candle,trajectory,no,,,,,,,
BAR_FORMING,price,classification,,candle,distance,no,,,,,,,
BAR_FORMING,price,classification,,candle,spread,no,,,,,,,
BAR_FORMING,price,classification,,candle,aggregate,no,,,,,,,
BAR_FORMING,price,classification,,candle,efficiency,no,,,,,,,
BAR_FORMING,price,classification,,candle,bandTouch,no,,,,,,,
BAR_FORMING,price,classification,,candle,classifyZone,no,,,,,,,
BAR_FORMING,price,classification,,candle,maxShare,no,,,,,,,
BAR_FORMING,price,classification,,candle,rank,no,,,,,,,
BAR_FORMING,price,classification,,candle,crossDetect,no,,,,,,,
BAR_FORMING,price,classification,,candle,count,no,,,,,,,
BAR_FORMING,price,classification,,candle,nearestZoneType,no,,,,,,,
BAR_FORMING,price,classification,,candle,nearestZoneRange,no,,,,,,,
BAR_FORMING,price,classification,,candle,nearestZoneDist,no,,,,,,,
BAR_FORMING,price,classification,,candle,nearestZoneAge,no,,,,,,,
RSI14,momentum,numeric,oscillator,candle,value,yes,,,,,,,
RSI14,momentum,numeric,oscillator,candle,trajectory,yes,,,,,,,
RSI14,momentum,numeric,oscillator,candle,distance,no,,,,,,,
RSI14,momentum,numeric,oscillator,candle,spread,yes,yes,,trajectory|aggregate|efficiency,,,,16
RSI14,momentum,numeric,oscillator,candle,aggregate,yes,,,,,,,
RSI14,momentum,numeric,oscillator,candle,efficiency,yes,,,,,,,
RSI14,momentum,numeric,oscillator,candle,bandTouch,no,,,,,,,
RSI14,momentum,numeric,oscillator,candle,classifyZone,yes,,,,,,,
RSI14,momentum,numeric,oscillator,candle,maxShare,yes,,,,,,,
RSI14,momentum,numeric,oscillator,candle,rank,yes,,,,,,hi|lo,
RSI14,momentum,numeric,oscillator,candle,crossDetect,no,,,,,,,
RSI14,momentum,numeric,oscillator,candle,count,no,,,,,,,
RSI14,momentum,numeric,oscillator,candle,nearestZoneType,no,,,,,,,
RSI14,momentum,numeric,oscillator,candle,nearestZoneRange,no,,,,,,,
RSI14,momentum,numeric,oscillator,candle,nearestZoneDist,no,,,,,,,
RSI14,momentum,numeric,oscillator,candle,nearestZoneAge,no,,,,,,,
RSI7,momentum,numeric,oscillator,candle,value,yes,,,,,,,
RSI7,momentum,numeric,oscillator,candle,trajectory,yes,,,,,,,
RSI7,momentum,numeric,oscillator,candle,distance,no,,,,,,,
RSI7,momentum,numeric,oscillator,candle,spread,yes,yes,,trajectory|aggregate|efficiency,,,,16
RSI7,momentum,numeric,oscillator,candle,aggregate,yes,,,,,,,
RSI7,momentum,numeric,oscillator,candle,efficiency,yes,,,,,,,
RSI7,momentum,numeric,oscillator,candle,bandTouch,no,,,,,,,
RSI7,momentum,numeric,oscillator,candle,classifyZone,yes,,,,,,,
RSI7,momentum,numeric,oscillator,candle,maxShare,yes,,,,,,,
RSI7,momentum,numeric,oscillator,candle,rank,yes,,,,,,hi|lo,
RSI7,momentum,numeric,oscillator,candle,crossDetect,no,,,,,,,
RSI7,momentum,numeric,oscillator,candle,count,no,,,,,,,
RSI7,momentum,numeric,oscillator,candle,nearestZoneType,no,,,,,,,
RSI7,momentum,numeric,oscillator,candle,nearestZoneRange,no,,,,,,,
RSI7,momentum,numeric,oscillator,candle,nearestZoneDist,no,,,,,,,
RSI7,momentum,numeric,oscillator,candle,nearestZoneAge,no,,,,,,,
RSI2,momentum,numeric,oscillator,candle,value,yes,,,,,,,
RSI2,momentum,numeric,oscillator,candle,trajectory,yes,,,,,,,
RSI2,momentum,numeric,oscillator,candle,distance,no,,,,,,,
RSI2,momentum,numeric,oscillator,candle,spread,yes,yes,,trajectory|aggregate|efficiency,,,,16
RSI2,momentum,numeric,oscillator,candle,aggregate,yes,,,,,,,
RSI2,momentum,numeric,oscillator,candle,efficiency,yes,,,,,,,
RSI2,momentum,numeric,oscillator,candle,bandTouch,no,,,,,,,
RSI2,momentum,numeric,oscillator,candle,classifyZone,yes,,,,,,,
RSI2,momentum,numeric,oscillator,candle,maxShare,yes,,,,,,,
RSI2,momentum,numeric,oscillator,candle,rank,yes,,,,,,hi|lo,
RSI2,momentum,numeric,oscillator,candle,crossDetect,no,,,,,,,
RSI2,momentum,numeric,oscillator,candle,count,no,,,,,,,
RSI2,momentum,numeric,oscillator,candle,nearestZoneType,no,,,,,,,
RSI2,momentum,numeric,oscillator,candle,nearestZoneRange,no,,,,,,,
RSI2,momentum,numeric,oscillator,candle,nearestZoneDist,no,,,,,,,
RSI2,momentum,numeric,oscillator,candle,nearestZoneAge,no,,,,,,,
MACD,momentum,numeric,signedPrice,candle,value,yes,,,,,,,
MACD,momentum,numeric,signedPrice,candle,trajectory,yes,,,,,,,
MACD,momentum,numeric,signedPrice,candle,distance,no,,,,,,,
MACD,momentum,numeric,signedPrice,candle,spread,yes,yes,,trajectory|aggregate|efficiency,,,,4
MACD,momentum,numeric,signedPrice,candle,aggregate,yes,,,,,,,
MACD,momentum,numeric,signedPrice,candle,efficiency,yes,,,,,,,
MACD,momentum,numeric,signedPrice,candle,bandTouch,no,,,,,,,
MACD,momentum,numeric,signedPrice,candle,classifyZone,no,,,,,,,
MACD,momentum,numeric,signedPrice,candle,maxShare,no,,,,,,,
MACD,momentum,numeric,signedPrice,candle,rank,no,,,,,,,
MACD,momentum,numeric,signedPrice,candle,crossDetect,yes,,,,,,,
MACD,momentum,numeric,signedPrice,candle,count,no,,,,,,,
MACD,momentum,numeric,signedPrice,candle,nearestZoneType,no,,,,,,,
MACD,momentum,numeric,signedPrice,candle,nearestZoneRange,no,,,,,,,
MACD,momentum,numeric,signedPrice,candle,nearestZoneDist,no,,,,,,,
MACD,momentum,numeric,signedPrice,candle,nearestZoneAge,no,,,,,,,
STOCH_K,momentum,numeric,oscillator,candle,value,yes,,,,,,,
STOCH_K,momentum,numeric,oscillator,candle,trajectory,yes,,,,,,,
STOCH_K,momentum,numeric,oscillator,candle,distance,no,,,,,,,
STOCH_K,momentum,numeric,oscillator,candle,spread,yes,yes,,trajectory|aggregate|efficiency,,,,16
STOCH_K,momentum,numeric,oscillator,candle,aggregate,yes,,,,,,,
STOCH_K,momentum,numeric,oscillator,candle,efficiency,yes,,,,,,,
STOCH_K,momentum,numeric,oscillator,candle,bandTouch,no,,,,,,,
STOCH_K,momentum,numeric,oscillator,candle,classifyZone,yes,,,,,,,
STOCH_K,momentum,numeric,oscillator,candle,maxShare,yes,,,,,,,
STOCH_K,momentum,numeric,oscillator,candle,rank,yes,,,,,,hi|lo,
STOCH_K,momentum,numeric,oscillator,candle,crossDetect,no,,,,,,,
STOCH_K,momentum,numeric,oscillator,candle,count,no,,,,,,,
STOCH_K,momentum,numeric,oscillator,candle,nearestZoneType,no,,,,,,,
STOCH_K,momentum,numeric,oscillator,candle,nearestZoneRange,no,,,,,,,
STOCH_K,momentum,numeric,oscillator,candle,nearestZoneDist,no,,,,,,,
STOCH_K,momentum,numeric,oscillator,candle,nearestZoneAge,no,,,,,,,
STOCH_D,momentum,numeric,oscillator,candle,value,yes,,,,,,,
STOCH_D,momentum,numeric,oscillator,candle,trajectory,yes,,,,,,,
STOCH_D,momentum,numeric,oscillator,candle,distance,no,,,,,,,
STOCH_D,momentum,numeric,oscillator,candle,spread,yes,yes,,trajectory|aggregate|efficiency,,,,16
STOCH_D,momentum,numeric,oscillator,candle,aggregate,yes,,,,,,,
STOCH_D,momentum,numeric,oscillator,candle,efficiency,yes,,,,,,,
STOCH_D,momentum,numeric,oscillator,candle,bandTouch,no,,,,,,,
STOCH_D,momentum,numeric,oscillator,candle,classifyZone,yes,,,,,,,
STOCH_D,momentum,numeric,oscillator,candle,maxShare,yes,,,,,,,
STOCH_D,momentum,numeric,oscillator,candle,rank,yes,,,,,,hi|lo,
STOCH_D,momentum,numeric,oscillator,candle,crossDetect,no,,,,,,,
STOCH_D,momentum,numeric,oscillator,candle,count,no,,,,,,,
STOCH_D,momentum,numeric,oscillator,candle,nearestZoneType,no,,,,,,,
STOCH_D,momentum,numeric,oscillator,candle,nearestZoneRange,no,,,,,,,
STOCH_D,momentum,numeric,oscillator,candle,nearestZoneDist,no,,,,,,,
STOCH_D,momentum,numeric,oscillator,candle,nearestZoneAge,no,,,,,,,
MFI14,momentum,numeric,oscillator,candle,value,yes,,,,,,,
MFI14,momentum,numeric,oscillator,candle,trajectory,yes,,,,,,,
MFI14,momentum,numeric,oscillator,candle,distance,no,,,,,,,
MFI14,momentum,numeric,oscillator,candle,spread,yes,yes,,trajectory|aggregate|efficiency,,,,16
MFI14,momentum,numeric,oscillator,candle,aggregate,yes,,,,,,,
MFI14,momentum,numeric,oscillator,candle,efficiency,yes,,,,,,,
MFI14,momentum,numeric,oscillator,candle,bandTouch,no,,,,,,,
MFI14,momentum,numeric,oscillator,candle,classifyZone,yes,,,,,,,
MFI14,momentum,numeric,oscillator,candle,maxShare,yes,,,,,,,
MFI14,momentum,numeric,oscillator,candle,rank,yes,,,,,,hi|lo,
MFI14,momentum,numeric,oscillator,candle,crossDetect,no,,,,,,,
MFI14,momentum,numeric,oscillator,candle,count,no,,,,,,,
MFI14,momentum,numeric,oscillator,candle,nearestZoneType,no,,,,,,,
MFI14,momentum,numeric,oscillator,candle,nearestZoneRange,no,,,,,,,
MFI14,momentum,numeric,oscillator,candle,nearestZoneDist,no,,,,,,,
MFI14,momentum,numeric,oscillator,candle,nearestZoneAge,no,,,,,,,
PPO,momentum,numeric,percent,candle,value,yes,,,,,,,
PPO,momentum,numeric,percent,candle,trajectory,yes,,,,,,,
PPO,momentum,numeric,percent,candle,distance,no,,,,,,,
PPO,momentum,numeric,percent,candle,spread,yes,yes,,trajectory|aggregate|efficiency,,,,15
PPO,momentum,numeric,percent,candle,aggregate,yes,,,,,,,
PPO,momentum,numeric,percent,candle,efficiency,yes,,,,,,,
PPO,momentum,numeric,percent,candle,bandTouch,no,,,,,,,
PPO,momentum,numeric,percent,candle,classifyZone,no,,,,,,,
PPO,momentum,numeric,percent,candle,maxShare,no,,,,,,,
PPO,momentum,numeric,percent,candle,rank,yes,,,,,,hi|lo|far|near,
PPO,momentum,numeric,percent,candle,crossDetect,yes,,,,,,,
PPO,momentum,numeric,percent,candle,count,no,,,,,,,
PPO,momentum,numeric,percent,candle,nearestZoneType,no,,,,,,,
PPO,momentum,numeric,percent,candle,nearestZoneRange,no,,,,,,,
PPO,momentum,numeric,percent,candle,nearestZoneDist,no,,,,,,,
PPO,momentum,numeric,percent,candle,nearestZoneAge,no,,,,,,,
ROC12,momentum,numeric,percent,candle,value,yes,,,,,,,
ROC12,momentum,numeric,percent,candle,trajectory,yes,,,,,,,
ROC12,momentum,numeric,percent,candle,distance,no,,,,,,,
ROC12,momentum,numeric,percent,candle,spread,yes,yes,,trajectory|aggregate|efficiency,,,,15
ROC12,momentum,numeric,percent,candle,aggregate,yes,,,,,,,
ROC12,momentum,numeric,percent,candle,efficiency,yes,,,,,,,
ROC12,momentum,numeric,percent,candle,bandTouch,no,,,,,,,
ROC12,momentum,numeric,percent,candle,classifyZone,no,,,,,,,
ROC12,momentum,numeric,percent,candle,maxShare,no,,,,,,,
ROC12,momentum,numeric,percent,candle,rank,yes,,,,,,hi|lo|far|near,
ROC12,momentum,numeric,percent,candle,crossDetect,yes,,,,,,,
ROC12,momentum,numeric,percent,candle,count,no,,,,,,,
ROC12,momentum,numeric,percent,candle,nearestZoneType,no,,,,,,,
ROC12,momentum,numeric,percent,candle,nearestZoneRange,no,,,,,,,
ROC12,momentum,numeric,percent,candle,nearestZoneDist,no,,,,,,,
ROC12,momentum,numeric,percent,candle,nearestZoneAge,no,,,,,,,
CCI20,momentum,numeric,oscillator,candle,value,yes,,,,,,,
CCI20,momentum,numeric,oscillator,candle,trajectory,yes,,,,,,,
CCI20,momentum,numeric,oscillator,candle,distance,no,,,,,,,
CCI20,momentum,numeric,oscillator,candle,spread,yes,yes,,trajectory|aggregate|efficiency,,,,16
CCI20,momentum,numeric,oscillator,candle,aggregate,yes,,,,,,,
CCI20,momentum,numeric,oscillator,candle,efficiency,yes,,,,,,,
CCI20,momentum,numeric,oscillator,candle,bandTouch,no,,,,,,,
CCI20,momentum,numeric,oscillator,candle,classifyZone,yes,,,,,,,
CCI20,momentum,numeric,oscillator,candle,maxShare,no,,,,,,,
CCI20,momentum,numeric,oscillator,candle,rank,yes,,,,,,hi|lo|far|near,
CCI20,momentum,numeric,oscillator,candle,crossDetect,no,,,,,,,
CCI20,momentum,numeric,oscillator,candle,count,no,,,,,,,
CCI20,momentum,numeric,oscillator,candle,nearestZoneType,no,,,,,,,
CCI20,momentum,numeric,oscillator,candle,nearestZoneRange,no,,,,,,,
CCI20,momentum,numeric,oscillator,candle,nearestZoneDist,no,,,,,,,
CCI20,momentum,numeric,oscillator,candle,nearestZoneAge,no,,,,,,,
CLOSE_CHANGE,momentum,numeric,percent,candle,value,yes,,,,,,,
CLOSE_CHANGE,momentum,numeric,percent,candle,trajectory,yes,,,,,,,
CLOSE_CHANGE,momentum,numeric,percent,candle,distance,no,,,,,,,
CLOSE_CHANGE,momentum,numeric,percent,candle,spread,yes,yes,,trajectory|aggregate|efficiency,,,,15
CLOSE_CHANGE,momentum,numeric,percent,candle,aggregate,yes,,,,,,,
CLOSE_CHANGE,momentum,numeric,percent,candle,efficiency,yes,,,,,,,
CLOSE_CHANGE,momentum,numeric,percent,candle,bandTouch,no,,,,,,,
CLOSE_CHANGE,momentum,numeric,percent,candle,classifyZone,no,,,,,,,
CLOSE_CHANGE,momentum,numeric,percent,candle,maxShare,no,,,,,,,
CLOSE_CHANGE,momentum,numeric,percent,candle,rank,yes,,,,,,far|near,
CLOSE_CHANGE,momentum,numeric,percent,candle,crossDetect,no,,,,,,,
CLOSE_CHANGE,momentum,numeric,percent,candle,count,no,,,,,,,
CLOSE_CHANGE,momentum,numeric,percent,candle,nearestZoneType,no,,,,,,,
CLOSE_CHANGE,momentum,numeric,percent,candle,nearestZoneRange,no,,,,,,,
CLOSE_CHANGE,momentum,numeric,percent,candle,nearestZoneDist,no,,,,,,,
CLOSE_CHANGE,momentum,numeric,percent,candle,nearestZoneAge,no,,,,,,,
CHG_5M,momentum,numeric,percent,timeless,value,yes,,,,,,,
CHG_5M,momentum,numeric,percent,timeless,trajectory,no,,,,,,,
CHG_5M,momentum,numeric,percent,timeless,distance,no,,,,,,,
CHG_5M,momentum,numeric,percent,timeless,spread,yes,yes,,,,,,15
CHG_5M,momentum,numeric,percent,timeless,aggregate,no,,,,,,,
CHG_5M,momentum,numeric,percent,timeless,efficiency,no,,,,,,,
CHG_5M,momentum,numeric,percent,timeless,bandTouch,no,,,,,,,
CHG_5M,momentum,numeric,percent,timeless,classifyZone,no,,,,,,,
CHG_5M,momentum,numeric,percent,timeless,maxShare,no,,,,,,,
CHG_5M,momentum,numeric,percent,timeless,rank,no,,,,,,,
CHG_5M,momentum,numeric,percent,timeless,crossDetect,no,,,,,,,
CHG_5M,momentum,numeric,percent,timeless,count,no,,,,,,,
CHG_5M,momentum,numeric,percent,timeless,nearestZoneType,no,,,,,,,
CHG_5M,momentum,numeric,percent,timeless,nearestZoneRange,no,,,,,,,
CHG_5M,momentum,numeric,percent,timeless,nearestZoneDist,no,,,,,,,
CHG_5M,momentum,numeric,percent,timeless,nearestZoneAge,no,,,,,,,
CHG_15M,momentum,numeric,percent,timeless,value,yes,,,,,,,
CHG_15M,momentum,numeric,percent,timeless,trajectory,no,,,,,,,
CHG_15M,momentum,numeric,percent,timeless,distance,no,,,,,,,
CHG_15M,momentum,numeric,percent,timeless,spread,yes,yes,,,,,,15
CHG_15M,momentum,numeric,percent,timeless,aggregate,no,,,,,,,
CHG_15M,momentum,numeric,percent,timeless,efficiency,no,,,,,,,
CHG_15M,momentum,numeric,percent,timeless,bandTouch,no,,,,,,,
CHG_15M,momentum,numeric,percent,timeless,classifyZone,no,,,,,,,
CHG_15M,momentum,numeric,percent,timeless,maxShare,no,,,,,,,
CHG_15M,momentum,numeric,percent,timeless,rank,no,,,,,,,
CHG_15M,momentum,numeric,percent,timeless,crossDetect,no,,,,,,,
CHG_15M,momentum,numeric,percent,timeless,count,no,,,,,,,
CHG_15M,momentum,numeric,percent,timeless,nearestZoneType,no,,,,,,,
CHG_15M,momentum,numeric,percent,timeless,nearestZoneRange,no,,,,,,,
CHG_15M,momentum,numeric,percent,timeless,nearestZoneDist,no,,,,,,,
CHG_15M,momentum,numeric,percent,timeless,nearestZoneAge,no,,,,,,,
CHG_1H,momentum,numeric,percent,timeless,value,yes,,,,,,,
CHG_1H,momentum,numeric,percent,timeless,trajectory,no,,,,,,,
CHG_1H,momentum,numeric,percent,timeless,distance,no,,,,,,,
CHG_1H,momentum,numeric,percent,timeless,spread,yes,yes,,,,,,15
CHG_1H,momentum,numeric,percent,timeless,aggregate,no,,,,,,,
CHG_1H,momentum,numeric,percent,timeless,efficiency,no,,,,,,,
CHG_1H,momentum,numeric,percent,timeless,bandTouch,no,,,,,,,
CHG_1H,momentum,numeric,percent,timeless,classifyZone,no,,,,,,,
CHG_1H,momentum,numeric,percent,timeless,maxShare,no,,,,,,,
CHG_1H,momentum,numeric,percent,timeless,rank,no,,,,,,,
CHG_1H,momentum,numeric,percent,timeless,crossDetect,no,,,,,,,
CHG_1H,momentum,numeric,percent,timeless,count,no,,,,,,,
CHG_1H,momentum,numeric,percent,timeless,nearestZoneType,no,,,,,,,
CHG_1H,momentum,numeric,percent,timeless,nearestZoneRange,no,,,,,,,
CHG_1H,momentum,numeric,percent,timeless,nearestZoneDist,no,,,,,,,
CHG_1H,momentum,numeric,percent,timeless,nearestZoneAge,no,,,,,,,
CHG_4H,momentum,numeric,percent,timeless,value,yes,,,,,,,
CHG_4H,momentum,numeric,percent,timeless,trajectory,no,,,,,,,
CHG_4H,momentum,numeric,percent,timeless,distance,no,,,,,,,
CHG_4H,momentum,numeric,percent,timeless,spread,yes,yes,,,,,,15
CHG_4H,momentum,numeric,percent,timeless,aggregate,no,,,,,,,
CHG_4H,momentum,numeric,percent,timeless,efficiency,no,,,,,,,
CHG_4H,momentum,numeric,percent,timeless,bandTouch,no,,,,,,,
CHG_4H,momentum,numeric,percent,timeless,classifyZone,no,,,,,,,
CHG_4H,momentum,numeric,percent,timeless,maxShare,no,,,,,,,
CHG_4H,momentum,numeric,percent,timeless,rank,no,,,,,,,
CHG_4H,momentum,numeric,percent,timeless,crossDetect,no,,,,,,,
CHG_4H,momentum,numeric,percent,timeless,count,no,,,,,,,
CHG_4H,momentum,numeric,percent,timeless,nearestZoneType,no,,,,,,,
CHG_4H,momentum,numeric,percent,timeless,nearestZoneRange,no,,,,,,,
CHG_4H,momentum,numeric,percent,timeless,nearestZoneDist,no,,,,,,,
CHG_4H,momentum,numeric,percent,timeless,nearestZoneAge,no,,,,,,,
CHG_24H,momentum,numeric,percent,timeless,value,yes,,,,,,,
CHG_24H,momentum,numeric,percent,timeless,trajectory,no,,,,,,,
CHG_24H,momentum,numeric,percent,timeless,distance,no,,,,,,,
CHG_24H,momentum,numeric,percent,timeless,spread,yes,yes,,,,,,15
CHG_24H,momentum,numeric,percent,timeless,aggregate,no,,,,,,,
CHG_24H,momentum,numeric,percent,timeless,efficiency,no,,,,,,,
CHG_24H,momentum,numeric,percent,timeless,bandTouch,no,,,,,,,
CHG_24H,momentum,numeric,percent,timeless,classifyZone,no,,,,,,,
CHG_24H,momentum,numeric,percent,timeless,maxShare,no,,,,,,,
CHG_24H,momentum,numeric,percent,timeless,rank,no,,,,,,,
CHG_24H,momentum,numeric,percent,timeless,crossDetect,no,,,,,,,
CHG_24H,momentum,numeric,percent,timeless,count,no,,,,,,,
CHG_24H,momentum,numeric,percent,timeless,nearestZoneType,no,,,,,,,
CHG_24H,momentum,numeric,percent,timeless,nearestZoneRange,no,,,,,,,
CHG_24H,momentum,numeric,percent,timeless,nearestZoneDist,no,,,,,,,
CHG_24H,momentum,numeric,percent,timeless,nearestZoneAge,no,,,,,,,
ADX,trend,numeric,oscillator,candle,value,yes,,,,,,,
ADX,trend,numeric,oscillator,candle,trajectory,yes,,,,,,,
ADX,trend,numeric,oscillator,candle,distance,no,,,,,,,
ADX,trend,numeric,oscillator,candle,spread,yes,yes,,trajectory|aggregate|efficiency,,,,16
ADX,trend,numeric,oscillator,candle,aggregate,yes,,,,,,,
ADX,trend,numeric,oscillator,candle,efficiency,yes,,,,,,,
ADX,trend,numeric,oscillator,candle,bandTouch,no,,,,,,,
ADX,trend,numeric,oscillator,candle,classifyZone,yes,,,,,,,
ADX,trend,numeric,oscillator,candle,maxShare,yes,,,,,,,
ADX,trend,numeric,oscillator,candle,rank,yes,,,,,,hi|lo,
ADX,trend,numeric,oscillator,candle,crossDetect,no,,,,,,,
ADX,trend,numeric,oscillator,candle,count,no,,,,,,,
ADX,trend,numeric,oscillator,candle,nearestZoneType,no,,,,,,,
ADX,trend,numeric,oscillator,candle,nearestZoneRange,no,,,,,,,
ADX,trend,numeric,oscillator,candle,nearestZoneDist,no,,,,,,,
ADX,trend,numeric,oscillator,candle,nearestZoneAge,no,,,,,,,
SMA20,trend,numeric,price,candle,value,yes,,,,,,,
SMA20,trend,numeric,price,candle,trajectory,yes,,,,,,,
SMA20,trend,numeric,price,candle,distance,yes,,,trajectory|aggregate|efficiency|rank,hi|lo|far|near,,,
SMA20,trend,numeric,price,candle,spread,yes,yes,,trajectory|aggregate|efficiency,,,,50
SMA20,trend,numeric,price,candle,aggregate,yes,,,,,,,
SMA20,trend,numeric,price,candle,efficiency,yes,,,,,,,
SMA20,trend,numeric,price,candle,bandTouch,yes,,,,,,,
SMA20,trend,numeric,price,candle,classifyZone,no,,,,,,,
SMA20,trend,numeric,price,candle,maxShare,no,,,,,,,
SMA20,trend,numeric,price,candle,rank,no,,,,,,,
SMA20,trend,numeric,price,candle,crossDetect,no,,,,,,,
SMA20,trend,numeric,price,candle,count,no,,,,,,,
SMA20,trend,numeric,price,candle,nearestZoneType,no,,,,,,,
SMA20,trend,numeric,price,candle,nearestZoneRange,no,,,,,,,
SMA20,trend,numeric,price,candle,nearestZoneDist,no,,,,,,,
SMA20,trend,numeric,price,candle,nearestZoneAge,no,,,,,,,
SMA50,trend,numeric,price,candle,value,yes,,,,,,,
SMA50,trend,numeric,price,candle,trajectory,yes,,,,,,,
SMA50,trend,numeric,price,candle,distance,yes,,,trajectory|aggregate|efficiency|rank,hi|lo|far|near,,,
SMA50,trend,numeric,price,candle,spread,yes,yes,,trajectory|aggregate|efficiency,,,,50
SMA50,trend,numeric,price,candle,aggregate,yes,,,,,,,
SMA50,trend,numeric,price,candle,efficiency,yes,,,,,,,
SMA50,trend,numeric,price,candle,bandTouch,yes,,,,,,,
SMA50,trend,numeric,price,candle,classifyZone,no,,,,,,,
SMA50,trend,numeric,price,candle,maxShare,no,,,,,,,
SMA50,trend,numeric,price,candle,rank,no,,,,,,,
SMA50,trend,numeric,price,candle,crossDetect,no,,,,,,,
SMA50,trend,numeric,price,candle,count,no,,,,,,,
SMA50,trend,numeric,price,candle,nearestZoneType,no,,,,,,,
SMA50,trend,numeric,price,candle,nearestZoneRange,no,,,,,,,
SMA50,trend,numeric,price,candle,nearestZoneDist,no,,,,,,,
SMA50,trend,numeric,price,candle,nearestZoneAge,no,,,,,,,
SMA200,trend,numeric,price,candle,value,yes,,,,,,,
SMA200,trend,numeric,price,candle,trajectory,yes,,,,,,,
SMA200,trend,numeric,price,candle,distance,yes,,,trajectory|aggregate|efficiency|rank,hi|lo|far|near,,,
SMA200,trend,numeric,price,candle,spread,yes,yes,,trajectory|aggregate|efficiency,,,,50
SMA200,trend,numeric,price,candle,aggregate,yes,,,,,,,
SMA200,trend,numeric,price,candle,efficiency,yes,,,,,,,
SMA200,trend,numeric,price,candle,bandTouch,yes,,,,,,,
SMA200,trend,numeric,price,candle,classifyZone,no,,,,,,,
SMA200,trend,numeric,price,candle,maxShare,no,,,,,,,
SMA200,trend,numeric,price,candle,rank,no,,,,,,,
SMA200,trend,numeric,price,candle,crossDetect,no,,,,,,,
SMA200,trend,numeric,price,candle,count,no,,,,,,,
SMA200,trend,numeric,price,candle,nearestZoneType,no,,,,,,,
SMA200,trend,numeric,price,candle,nearestZoneRange,no,,,,,,,
SMA200,trend,numeric,price,candle,nearestZoneDist,no,,,,,,,
SMA200,trend,numeric,price,candle,nearestZoneAge,no,,,,,,,
EMA5,trend,numeric,price,candle,value,yes,,,,,,,
EMA5,trend,numeric,price,candle,trajectory,yes,,,,,,,
EMA5,trend,numeric,price,candle,distance,yes,,,trajectory|aggregate|efficiency|rank,hi|lo|far|near,,,
EMA5,trend,numeric,price,candle,spread,yes,yes,,trajectory|aggregate|efficiency|rank,hi|lo|far|near,EMA13,,50
EMA5,trend,numeric,price,candle,aggregate,yes,,,,,,,
EMA5,trend,numeric,price,candle,efficiency,yes,,,,,,,
EMA5,trend,numeric,price,candle,bandTouch,yes,,,,,,,
EMA5,trend,numeric,price,candle,classifyZone,no,,,,,,,
EMA5,trend,numeric,price,candle,maxShare,no,,,,,,,
EMA5,trend,numeric,price,candle,rank,no,,,,,,,
EMA5,trend,numeric,price,candle,crossDetect,no,,,,,,,
EMA5,trend,numeric,price,candle,count,no,,,,,,,
EMA5,trend,numeric,price,candle,nearestZoneType,no,,,,,,,
EMA5,trend,numeric,price,candle,nearestZoneRange,no,,,,,,,
EMA5,trend,numeric,price,candle,nearestZoneDist,no,,,,,,,
EMA5,trend,numeric,price,candle,nearestZoneAge,no,,,,,,,
EMA13,trend,numeric,price,candle,value,yes,,,,,,,
EMA13,trend,numeric,price,candle,trajectory,yes,,,,,,,
EMA13,trend,numeric,price,candle,distance,yes,,,trajectory|aggregate|efficiency|rank,hi|lo|far|near,,,
EMA13,trend,numeric,price,candle,spread,yes,yes,,trajectory|aggregate|efficiency,,,,50
EMA13,trend,numeric,price,candle,aggregate,yes,,,,,,,
EMA13,trend,numeric,price,candle,efficiency,yes,,,,,,,
EMA13,trend,numeric,price,candle,bandTouch,yes,,,,,,,
EMA13,trend,numeric,price,candle,classifyZone,no,,,,,,,
EMA13,trend,numeric,price,candle,maxShare,no,,,,,,,
EMA13,trend,numeric,price,candle,rank,no,,,,,,,
EMA13,trend,numeric,price,candle,crossDetect,no,,,,,,,
EMA13,trend,numeric,price,candle,count,no,,,,,,,
EMA13,trend,numeric,price,candle,nearestZoneType,no,,,,,,,
EMA13,trend,numeric,price,candle,nearestZoneRange,no,,,,,,,
EMA13,trend,numeric,price,candle,nearestZoneDist,no,,,,,,,
EMA13,trend,numeric,price,candle,nearestZoneAge,no,,,,,,,
EMA20,trend,numeric,price,candle,value,yes,,,,,,,
EMA20,trend,numeric,price,candle,trajectory,yes,,,,,,,
EMA20,trend,numeric,price,candle,distance,yes,,,trajectory|aggregate|efficiency|rank,hi|lo|far|near,,,
EMA20,trend,numeric,price,candle,spread,yes,yes,,trajectory|aggregate|efficiency,,,,50
EMA20,trend,numeric,price,candle,aggregate,yes,,,,,,,
EMA20,trend,numeric,price,candle,efficiency,yes,,,,,,,
EMA20,trend,numeric,price,candle,bandTouch,yes,,,,,,,
EMA20,trend,numeric,price,candle,classifyZone,no,,,,,,,
EMA20,trend,numeric,price,candle,maxShare,no,,,,,,,
EMA20,trend,numeric,price,candle,rank,no,,,,,,,
EMA20,trend,numeric,price,candle,crossDetect,no,,,,,,,
EMA20,trend,numeric,price,candle,count,no,,,,,,,
EMA20,trend,numeric,price,candle,nearestZoneType,no,,,,,,,
EMA20,trend,numeric,price,candle,nearestZoneRange,no,,,,,,,
EMA20,trend,numeric,price,candle,nearestZoneDist,no,,,,,,,
EMA20,trend,numeric,price,candle,nearestZoneAge,no,,,,,,,
EMA9,trend,numeric,price,candle,value,yes,,,,,,,
EMA9,trend,numeric,price,candle,trajectory,yes,,,,,,,
EMA9,trend,numeric,price,candle,distance,yes,,,trajectory|aggregate|efficiency|rank,hi|lo|far|near,,,
EMA9,trend,numeric,price,candle,spread,yes,yes,,trajectory|aggregate|efficiency,,,,50
EMA9,trend,numeric,price,candle,aggregate,yes,,,,,,,
EMA9,trend,numeric,price,candle,efficiency,yes,,,,,,,
EMA9,trend,numeric,price,candle,bandTouch,yes,,,,,,,
EMA9,trend,numeric,price,candle,classifyZone,no,,,,,,,
EMA9,trend,numeric,price,candle,maxShare,no,,,,,,,
EMA9,trend,numeric,price,candle,rank,no,,,,,,,
EMA9,trend,numeric,price,candle,crossDetect,no,,,,,,,
EMA9,trend,numeric,price,candle,count,no,,,,,,,
EMA9,trend,numeric,price,candle,nearestZoneType,no,,,,,,,
EMA9,trend,numeric,price,candle,nearestZoneRange,no,,,,,,,
EMA9,trend,numeric,price,candle,nearestZoneDist,no,,,,,,,
EMA9,trend,numeric,price,candle,nearestZoneAge,no,,,,,,,
EMA21,trend,numeric,price,candle,value,yes,,,,,,,
EMA21,trend,numeric,price,candle,trajectory,yes,,,,,,,
EMA21,trend,numeric,price,candle,distance,yes,,,trajectory|aggregate|efficiency|rank,hi|lo|far|near,,,
EMA21,trend,numeric,price,candle,spread,yes,yes,,trajectory|aggregate|efficiency,,,,50
EMA21,trend,numeric,price,candle,aggregate,yes,,,,,,,
EMA21,trend,numeric,price,candle,efficiency,yes,,,,,,,
EMA21,trend,numeric,price,candle,bandTouch,yes,,,,,,,
EMA21,trend,numeric,price,candle,classifyZone,no,,,,,,,
EMA21,trend,numeric,price,candle,maxShare,no,,,,,,,
EMA21,trend,numeric,price,candle,rank,no,,,,,,,
EMA21,trend,numeric,price,candle,crossDetect,no,,,,,,,
EMA21,trend,numeric,price,candle,count,no,,,,,,,
EMA21,trend,numeric,price,candle,nearestZoneType,no,,,,,,,
EMA21,trend,numeric,price,candle,nearestZoneRange,no,,,,,,,
EMA21,trend,numeric,price,candle,nearestZoneDist,no,,,,,,,
EMA21,trend,numeric,price,candle,nearestZoneAge,no,,,,,,,
EMA50,trend,numeric,price,candle,value,yes,,,,,,,
EMA50,trend,numeric,price,candle,trajectory,yes,,,,,,,
EMA50,trend,numeric,price,candle,distance,yes,,,trajectory|aggregate|efficiency|rank,hi|lo|far|near,,,
EMA50,trend,numeric,price,candle,spread,yes,yes,,trajectory|aggregate|efficiency,,,,50
EMA50,trend,numeric,price,candle,aggregate,yes,,,,,,,
EMA50,trend,numeric,price,candle,efficiency,yes,,,,,,,
EMA50,trend,numeric,price,candle,bandTouch,yes,,,,,,,
EMA50,trend,numeric,price,candle,classifyZone,no,,,,,,,
EMA50,trend,numeric,price,candle,maxShare,no,,,,,,,
EMA50,trend,numeric,price,candle,rank,no,,,,,,,
EMA50,trend,numeric,price,candle,crossDetect,no,,,,,,,
EMA50,trend,numeric,price,candle,count,no,,,,,,,
EMA50,trend,numeric,price,candle,nearestZoneType,no,,,,,,,
EMA50,trend,numeric,price,candle,nearestZoneRange,no,,,,,,,
EMA50,trend,numeric,price,candle,nearestZoneDist,no,,,,,,,
EMA50,trend,numeric,price,candle,nearestZoneAge,no,,,,,,,
EMA_CROSS,trend,event,,candle,value,yes,,,,,,,
EMA_CROSS,trend,event,,candle,trajectory,no,,,,,,,
EMA_CROSS,trend,event,,candle,distance,no,,,,,,,
EMA_CROSS,trend,event,,candle,spread,no,,,,,,,
EMA_CROSS,trend,event,,candle,aggregate,no,,,,,,,
EMA_CROSS,trend,event,,candle,efficiency,no,,,,,,,
EMA_CROSS,trend,event,,candle,bandTouch,no,,,,,,,
EMA_CROSS,trend,event,,candle,classifyZone,no,,,,,,,
EMA_CROSS,trend,event,,candle,maxShare,no,,,,,,,
EMA_CROSS,trend,event,,candle,rank,no,,,,,,,
EMA_CROSS,trend,event,,candle,crossDetect,no,,,,,,,
EMA_CROSS,trend,event,,candle,count,no,,,,,,,
EMA_CROSS,trend,event,,candle,nearestZoneType,no,,,,,,,
EMA_CROSS,trend,event,,candle,nearestZoneRange,no,,,,,,,
EMA_CROSS,trend,event,,candle,nearestZoneDist,no,,,,,,,
EMA_CROSS,trend,event,,candle,nearestZoneAge,no,,,,,,,
MA_ALIGN,trend,classification,,candle,value,yes,,,,,,,
MA_ALIGN,trend,classification,,candle,trajectory,no,,,,,,,
MA_ALIGN,trend,classification,,candle,distance,no,,,,,,,
MA_ALIGN,trend,classification,,candle,spread,no,,,,,,,
MA_ALIGN,trend,classification,,candle,aggregate,no,,,,,,,
MA_ALIGN,trend,classification,,candle,efficiency,no,,,,,,,
MA_ALIGN,trend,classification,,candle,bandTouch,no,,,,,,,
MA_ALIGN,trend,classification,,candle,classifyZone,no,,,,,,,
MA_ALIGN,trend,classification,,candle,maxShare,no,,,,,,,
MA_ALIGN,trend,classification,,candle,rank,no,,,,,,,
MA_ALIGN,trend,classification,,candle,crossDetect,no,,,,,,,
MA_ALIGN,trend,classification,,candle,count,no,,,,,,,
MA_ALIGN,trend,classification,,candle,nearestZoneType,no,,,,,,,
MA_ALIGN,trend,classification,,candle,nearestZoneRange,no,,,,,,,
MA_ALIGN,trend,classification,,candle,nearestZoneDist,no,,,,,,,
MA_ALIGN,trend,classification,,candle,nearestZoneAge,no,,,,,,,
ATR,volatility,numeric,signedPrice,candle,value,yes,,,,,,,
ATR,volatility,numeric,signedPrice,candle,trajectory,yes,,,,,,,
ATR,volatility,numeric,signedPrice,candle,distance,no,,,,,,,
ATR,volatility,numeric,signedPrice,candle,spread,yes,yes,,trajectory|aggregate|efficiency,,,,4
ATR,volatility,numeric,signedPrice,candle,aggregate,yes,,,,,,,
ATR,volatility,numeric,signedPrice,candle,efficiency,yes,,,,,,,
ATR,volatility,numeric,signedPrice,candle,bandTouch,no,,,,,,,
ATR,volatility,numeric,signedPrice,candle,classifyZone,no,,,,,,,
ATR,volatility,numeric,signedPrice,candle,maxShare,no,,,,,,,
ATR,volatility,numeric,signedPrice,candle,rank,no,,,,,,,
ATR,volatility,numeric,signedPrice,candle,crossDetect,no,,,,,,,
ATR,volatility,numeric,signedPrice,candle,count,no,,,,,,,
ATR,volatility,numeric,signedPrice,candle,nearestZoneType,no,,,,,,,
ATR,volatility,numeric,signedPrice,candle,nearestZoneRange,no,,,,,,,
ATR,volatility,numeric,signedPrice,candle,nearestZoneDist,no,,,,,,,
ATR,volatility,numeric,signedPrice,candle,nearestZoneAge,no,,,,,,,
ATR_PCT,volatility,numeric,percent,candle,value,yes,,,,,,,
ATR_PCT,volatility,numeric,percent,candle,trajectory,yes,,,,,,,
ATR_PCT,volatility,numeric,percent,candle,distance,no,,,,,,,
ATR_PCT,volatility,numeric,percent,candle,spread,yes,yes,,trajectory|aggregate|efficiency,,,,15
ATR_PCT,volatility,numeric,percent,candle,aggregate,yes,,,,,,,
ATR_PCT,volatility,numeric,percent,candle,efficiency,yes,,,,,,,
ATR_PCT,volatility,numeric,percent,candle,bandTouch,no,,,,,,,
ATR_PCT,volatility,numeric,percent,candle,classifyZone,no,,,,,,,
ATR_PCT,volatility,numeric,percent,candle,maxShare,no,,,,,,,
ATR_PCT,volatility,numeric,percent,candle,rank,yes,,,,,,hi|lo|far|near,
ATR_PCT,volatility,numeric,percent,candle,crossDetect,no,,,,,,,
ATR_PCT,volatility,numeric,percent,candle,count,no,,,,,,,
ATR_PCT,volatility,numeric,percent,candle,nearestZoneType,no,,,,,,,
ATR_PCT,volatility,numeric,percent,candle,nearestZoneRange,no,,,,,,,
ATR_PCT,volatility,numeric,percent,candle,nearestZoneDist,no,,,,,,,
ATR_PCT,volatility,numeric,percent,candle,nearestZoneAge,no,,,,,,,
BB_WIDTH,volatility,numeric,signedPrice,candle,value,yes,,,,,,,
BB_WIDTH,volatility,numeric,signedPrice,candle,trajectory,yes,,,,,,,
BB_WIDTH,volatility,numeric,signedPrice,candle,distance,no,,,,,,,
BB_WIDTH,volatility,numeric,signedPrice,candle,spread,yes,yes,,trajectory|aggregate|efficiency,,,,4
BB_WIDTH,volatility,numeric,signedPrice,candle,aggregate,yes,,,,,,,
BB_WIDTH,volatility,numeric,signedPrice,candle,efficiency,yes,,,,,,,
BB_WIDTH,volatility,numeric,signedPrice,candle,bandTouch,no,,,,,,,
BB_WIDTH,volatility,numeric,signedPrice,candle,classifyZone,no,,,,,,,
BB_WIDTH,volatility,numeric,signedPrice,candle,maxShare,no,,,,,,,
BB_WIDTH,volatility,numeric,signedPrice,candle,rank,no,,,,,,,
BB_WIDTH,volatility,numeric,signedPrice,candle,crossDetect,no,,,,,,,
BB_WIDTH,volatility,numeric,signedPrice,candle,count,no,,,,,,,
BB_WIDTH,volatility,numeric,signedPrice,candle,nearestZoneType,no,,,,,,,
BB_WIDTH,volatility,numeric,signedPrice,candle,nearestZoneRange,no,,,,,,,
BB_WIDTH,volatility,numeric,signedPrice,candle,nearestZoneDist,no,,,,,,,
BB_WIDTH,volatility,numeric,signedPrice,candle,nearestZoneAge,no,,,,,,,
BB_WIDTH_PCT,volatility,numeric,percent,candle,value,yes,,,,,,,
BB_WIDTH_PCT,volatility,numeric,percent,candle,trajectory,yes,,,,,,,
BB_WIDTH_PCT,volatility,numeric,percent,candle,distance,no,,,,,,,
BB_WIDTH_PCT,volatility,numeric,percent,candle,spread,yes,yes,,trajectory|aggregate|efficiency,,,,15
BB_WIDTH_PCT,volatility,numeric,percent,candle,aggregate,yes,,,,,,,
BB_WIDTH_PCT,volatility,numeric,percent,candle,efficiency,yes,,,,,,,
BB_WIDTH_PCT,volatility,numeric,percent,candle,bandTouch,no,,,,,,,
BB_WIDTH_PCT,volatility,numeric,percent,candle,classifyZone,no,,,,,,,
BB_WIDTH_PCT,volatility,numeric,percent,candle,maxShare,no,,,,,,,
BB_WIDTH_PCT,volatility,numeric,percent,candle,rank,yes,,,,,,hi|lo|far|near,
BB_WIDTH_PCT,volatility,numeric,percent,candle,crossDetect,no,,,,,,,
BB_WIDTH_PCT,volatility,numeric,percent,candle,count,no,,,,,,,
BB_WIDTH_PCT,volatility,numeric,percent,candle,nearestZoneType,no,,,,,,,
BB_WIDTH_PCT,volatility,numeric,percent,candle,nearestZoneRange,no,,,,,,,
BB_WIDTH_PCT,volatility,numeric,percent,candle,nearestZoneDist,no,,,,,,,
BB_WIDTH_PCT,volatility,numeric,percent,candle,nearestZoneAge,no,,,,,,,
KC_SQUEEZE,volatility,classification,,candle,value,yes,,,,,,,
KC_SQUEEZE,volatility,classification,,candle,trajectory,no,,,,,,,
KC_SQUEEZE,volatility,classification,,candle,distance,no,,,,,,,
KC_SQUEEZE,volatility,classification,,candle,spread,no,,,,,,,
KC_SQUEEZE,volatility,classification,,candle,aggregate,no,,,,,,,
KC_SQUEEZE,volatility,classification,,candle,efficiency,no,,,,,,,
KC_SQUEEZE,volatility,classification,,candle,bandTouch,no,,,,,,,
KC_SQUEEZE,volatility,classification,,candle,classifyZone,no,,,,,,,
KC_SQUEEZE,volatility,classification,,candle,maxShare,no,,,,,,,
KC_SQUEEZE,volatility,classification,,candle,rank,no,,,,,,,
KC_SQUEEZE,volatility,classification,,candle,crossDetect,no,,,,,,,
KC_SQUEEZE,volatility,classification,,candle,count,no,,,,,,,
KC_SQUEEZE,volatility,classification,,candle,nearestZoneType,no,,,,,,,
KC_SQUEEZE,volatility,classification,,candle,nearestZoneRange,no,,,,,,,
KC_SQUEEZE,volatility,classification,,candle,nearestZoneDist,no,,,,,,,
KC_SQUEEZE,volatility,classification,,candle,nearestZoneAge,no,,,,,,,
HIGH_DEV,volatility,numeric,percent,timeless,value,yes,,,,,,,
HIGH_DEV,volatility,numeric,percent,timeless,trajectory,no,,,,,,,
HIGH_DEV,volatility,numeric,percent,timeless,distance,no,,,,,,,
HIGH_DEV,volatility,numeric,percent,timeless,spread,yes,yes,,,,,,15
HIGH_DEV,volatility,numeric,percent,timeless,aggregate,no,,,,,,,
HIGH_DEV,volatility,numeric,percent,timeless,efficiency,no,,,,,,,
HIGH_DEV,volatility,numeric,percent,timeless,bandTouch,no,,,,,,,
HIGH_DEV,volatility,numeric,percent,timeless,classifyZone,no,,,,,,,
HIGH_DEV,volatility,numeric,percent,timeless,maxShare,no,,,,,,,
HIGH_DEV,volatility,numeric,percent,timeless,rank,yes,,,,,,hi|lo|far|near,
HIGH_DEV,volatility,numeric,percent,timeless,crossDetect,no,,,,,,,
HIGH_DEV,volatility,numeric,percent,timeless,count,no,,,,,,,
HIGH_DEV,volatility,numeric,percent,timeless,nearestZoneType,no,,,,,,,
HIGH_DEV,volatility,numeric,percent,timeless,nearestZoneRange,no,,,,,,,
HIGH_DEV,volatility,numeric,percent,timeless,nearestZoneDist,no,,,,,,,
HIGH_DEV,volatility,numeric,percent,timeless,nearestZoneAge,no,,,,,,,
LOW_DEV,volatility,numeric,percent,timeless,value,yes,,,,,,,
LOW_DEV,volatility,numeric,percent,timeless,trajectory,no,,,,,,,
LOW_DEV,volatility,numeric,percent,timeless,distance,no,,,,,,,
LOW_DEV,volatility,numeric,percent,timeless,spread,yes,yes,,,,,,15
LOW_DEV,volatility,numeric,percent,timeless,aggregate,no,,,,,,,
LOW_DEV,volatility,numeric,percent,timeless,efficiency,no,,,,,,,
LOW_DEV,volatility,numeric,percent,timeless,bandTouch,no,,,,,,,
LOW_DEV,volatility,numeric,percent,timeless,classifyZone,no,,,,,,,
LOW_DEV,volatility,numeric,percent,timeless,maxShare,no,,,,,,,
LOW_DEV,volatility,numeric,percent,timeless,rank,yes,,,,,,hi|lo|far|near,
LOW_DEV,volatility,numeric,percent,timeless,crossDetect,no,,,,,,,
LOW_DEV,volatility,numeric,percent,timeless,count,no,,,,,,,
LOW_DEV,volatility,numeric,percent,timeless,nearestZoneType,no,,,,,,,
LOW_DEV,volatility,numeric,percent,timeless,nearestZoneRange,no,,,,,,,
LOW_DEV,volatility,numeric,percent,timeless,nearestZoneDist,no,,,,,,,
LOW_DEV,volatility,numeric,percent,timeless,nearestZoneAge,no,,,,,,,
BB_PCT_B,structure,numeric,fraction,candle,value,yes,,,,,,,
BB_PCT_B,structure,numeric,fraction,candle,trajectory,yes,,,,,,,
BB_PCT_B,structure,numeric,fraction,candle,distance,no,,,,,,,
BB_PCT_B,structure,numeric,fraction,candle,spread,yes,yes,,trajectory|aggregate|efficiency,,,,2
BB_PCT_B,structure,numeric,fraction,candle,aggregate,yes,,,,,,,
BB_PCT_B,structure,numeric,fraction,candle,efficiency,yes,,,,,,,
BB_PCT_B,structure,numeric,fraction,candle,bandTouch,no,,,,,,,
BB_PCT_B,structure,numeric,fraction,candle,classifyZone,no,,,,,,,
BB_PCT_B,structure,numeric,fraction,candle,maxShare,yes,,,,,,,
BB_PCT_B,structure,numeric,fraction,candle,rank,yes,,,,,,hi|lo,
BB_PCT_B,structure,numeric,fraction,candle,crossDetect,no,,,,,,,
BB_PCT_B,structure,numeric,fraction,candle,count,no,,,,,,,
BB_PCT_B,structure,numeric,fraction,candle,nearestZoneType,no,,,,,,,
BB_PCT_B,structure,numeric,fraction,candle,nearestZoneRange,no,,,,,,,
BB_PCT_B,structure,numeric,fraction,candle,nearestZoneDist,no,,,,,,,
BB_PCT_B,structure,numeric,fraction,candle,nearestZoneAge,no,,,,,,,
DONCHIAN_UPPER,structure,numeric,price,candle,value,yes,,,,,,,
DONCHIAN_UPPER,structure,numeric,price,candle,trajectory,yes,,,,,,,
DONCHIAN_UPPER,structure,numeric,price,candle,distance,yes,,,trajectory|aggregate|efficiency|rank,hi|lo|far|near,,,
DONCHIAN_UPPER,structure,numeric,price,candle,spread,yes,yes,,trajectory|aggregate|efficiency,,,,50
DONCHIAN_UPPER,structure,numeric,price,candle,aggregate,yes,,,,,,,
DONCHIAN_UPPER,structure,numeric,price,candle,efficiency,yes,,,,,,,
DONCHIAN_UPPER,structure,numeric,price,candle,bandTouch,yes,,,,,,,
DONCHIAN_UPPER,structure,numeric,price,candle,classifyZone,no,,,,,,,
DONCHIAN_UPPER,structure,numeric,price,candle,maxShare,no,,,,,,,
DONCHIAN_UPPER,structure,numeric,price,candle,rank,no,,,,,,,
DONCHIAN_UPPER,structure,numeric,price,candle,crossDetect,no,,,,,,,
DONCHIAN_UPPER,structure,numeric,price,candle,count,no,,,,,,,
DONCHIAN_UPPER,structure,numeric,price,candle,nearestZoneType,no,,,,,,,
DONCHIAN_UPPER,structure,numeric,price,candle,nearestZoneRange,no,,,,,,,
DONCHIAN_UPPER,structure,numeric,price,candle,nearestZoneDist,no,,,,,,,
DONCHIAN_UPPER,structure,numeric,price,candle,nearestZoneAge,no,,,,,,,
DONCHIAN_LOWER,structure,numeric,price,candle,value,yes,,,,,,,
DONCHIAN_LOWER,structure,numeric,price,candle,trajectory,yes,,,,,,,
DONCHIAN_LOWER,structure,numeric,price,candle,distance,yes,,,trajectory|aggregate|efficiency|rank,hi|lo|far|near,,,
DONCHIAN_LOWER,structure,numeric,price,candle,spread,yes,yes,,trajectory|aggregate|efficiency,,,,50
DONCHIAN_LOWER,structure,numeric,price,candle,aggregate,yes,,,,,,,
DONCHIAN_LOWER,structure,numeric,price,candle,efficiency,yes,,,,,,,
DONCHIAN_LOWER,structure,numeric,price,candle,bandTouch,yes,,,,,,,
DONCHIAN_LOWER,structure,numeric,price,candle,classifyZone,no,,,,,,,
DONCHIAN_LOWER,structure,numeric,price,candle,maxShare,no,,,,,,,
DONCHIAN_LOWER,structure,numeric,price,candle,rank,no,,,,,,,
DONCHIAN_LOWER,structure,numeric,price,candle,crossDetect,no,,,,,,,
DONCHIAN_LOWER,structure,numeric,price,candle,count,no,,,,,,,
DONCHIAN_LOWER,structure,numeric,price,candle,nearestZoneType,no,,,,,,,
DONCHIAN_LOWER,structure,numeric,price,candle,nearestZoneRange,no,,,,,,,
DONCHIAN_LOWER,structure,numeric,price,candle,nearestZoneDist,no,,,,,,,
DONCHIAN_LOWER,structure,numeric,price,candle,nearestZoneAge,no,,,,,,,
VWAP,structure,numeric,price,candle,value,yes,,,,,,,
VWAP,structure,numeric,price,candle,trajectory,yes,,,,,,,
VWAP,structure,numeric,price,candle,distance,yes,,,trajectory|aggregate|efficiency|rank,hi|lo|far|near,,,
VWAP,structure,numeric,price,candle,spread,yes,yes,,trajectory|aggregate|efficiency,,,,50
VWAP,structure,numeric,price,candle,aggregate,yes,,,,,,,
VWAP,structure,numeric,price,candle,efficiency,yes,,,,,,,
VWAP,structure,numeric,price,candle,bandTouch,yes,,,,,,,
VWAP,structure,numeric,price,candle,classifyZone,no,,,,,,,
VWAP,structure,numeric,price,candle,maxShare,no,,,,,,,
VWAP,structure,numeric,price,candle,rank,no,,,,,,,
VWAP,structure,numeric,price,candle,crossDetect,no,,,,,,,
VWAP,structure,numeric,price,candle,count,no,,,,,,,
VWAP,structure,numeric,price,candle,nearestZoneType,no,,,,,,,
VWAP,structure,numeric,price,candle,nearestZoneRange,no,,,,,,,
VWAP,structure,numeric,price,candle,nearestZoneDist,no,,,,,,,
VWAP,structure,numeric,price,candle,nearestZoneAge,no,,,,,,,
PRICE_ZONE,structure,classification,,candle,value,yes,,,,,,,
PRICE_ZONE,structure,classification,,candle,trajectory,no,,,,,,,
PRICE_ZONE,structure,classification,,candle,distance,no,,,,,,,
PRICE_ZONE,structure,classification,,candle,spread,no,,,,,,,
PRICE_ZONE,structure,classification,,candle,aggregate,no,,,,,,,
PRICE_ZONE,structure,classification,,candle,efficiency,no,,,,,,,
PRICE_ZONE,structure,classification,,candle,bandTouch,no,,,,,,,
PRICE_ZONE,structure,classification,,candle,classifyZone,no,,,,,,,
PRICE_ZONE,structure,classification,,candle,maxShare,no,,,,,,,
PRICE_ZONE,structure,classification,,candle,rank,no,,,,,,,
PRICE_ZONE,structure,classification,,candle,crossDetect,no,,,,,,,
PRICE_ZONE,structure,classification,,candle,count,no,,,,,,,
PRICE_ZONE,structure,classification,,candle,nearestZoneType,no,,,,,,,
PRICE_ZONE,structure,classification,,candle,nearestZoneRange,no,,,,,,,
PRICE_ZONE,structure,classification,,candle,nearestZoneDist,no,,,,,,,
PRICE_ZONE,structure,classification,,candle,nearestZoneAge,no,,,,,,,
BB_TOUCH,structure,classification,,candle,value,yes,,,,,,,
BB_TOUCH,structure,classification,,candle,trajectory,no,,,,,,,
BB_TOUCH,structure,classification,,candle,distance,no,,,,,,,
BB_TOUCH,structure,classification,,candle,spread,no,,,,,,,
BB_TOUCH,structure,classification,,candle,aggregate,no,,,,,,,
BB_TOUCH,structure,classification,,candle,efficiency,no,,,,,,,
BB_TOUCH,structure,classification,,candle,bandTouch,no,,,,,,,
BB_TOUCH,structure,classification,,candle,classifyZone,no,,,,,,,
BB_TOUCH,structure,classification,,candle,maxShare,no,,,,,,,
BB_TOUCH,structure,classification,,candle,rank,no,,,,,,,
BB_TOUCH,structure,classification,,candle,crossDetect,no,,,,,,,
BB_TOUCH,structure,classification,,candle,count,no,,,,,,,
BB_TOUCH,structure,classification,,candle,nearestZoneType,no,,,,,,,
BB_TOUCH,structure,classification,,candle,nearestZoneRange,no,,,,,,,
BB_TOUCH,structure,classification,,candle,nearestZoneDist,no,,,,,,,
BB_TOUCH,structure,classification,,candle,nearestZoneAge,no,,,,,,,
STRUCT_ZONES,structure,entitySet,,candle,value,no,,,,,,,
STRUCT_ZONES,structure,entitySet,,candle,trajectory,no,,,,,,,
STRUCT_ZONES,structure,entitySet,,candle,distance,no,,,,,,,
STRUCT_ZONES,structure,entitySet,,candle,spread,no,,,,,,,
STRUCT_ZONES,structure,entitySet,,candle,aggregate,no,,,,,,,
STRUCT_ZONES,structure,entitySet,,candle,efficiency,no,,,,,,,
STRUCT_ZONES,structure,entitySet,,candle,bandTouch,no,,,,,,,
STRUCT_ZONES,structure,entitySet,,candle,classifyZone,no,,,,,,,
STRUCT_ZONES,structure,entitySet,,candle,maxShare,no,,,,,,,
STRUCT_ZONES,structure,entitySet,,candle,rank,no,,,,,,,
STRUCT_ZONES,structure,entitySet,,candle,crossDetect,no,,,,,,,
STRUCT_ZONES,structure,entitySet,,candle,count,yes,,,,,,,
STRUCT_ZONES,structure,entitySet,,candle,nearestZoneType,yes,,yes,,,,,
STRUCT_ZONES,structure,entitySet,,candle,nearestZoneRange,yes,,yes,,,,,
STRUCT_ZONES,structure,entitySet,,candle,nearestZoneDist,yes,,yes,,,,,
STRUCT_ZONES,structure,entitySet,,candle,nearestZoneAge,yes,,yes,,,,,
TPO_POC,structure,numeric,price,timeless,value,yes,,,,,,,
TPO_POC,structure,numeric,price,timeless,trajectory,no,,,,,,,
TPO_POC,structure,numeric,price,timeless,distance,yes,,,,,,,
TPO_POC,structure,numeric,price,timeless,spread,yes,yes,,,,,,50
TPO_POC,structure,numeric,price,timeless,aggregate,no,,,,,,,
TPO_POC,structure,numeric,price,timeless,efficiency,no,,,,,,,
TPO_POC,structure,numeric,price,timeless,bandTouch,yes,,,,,,,
TPO_POC,structure,numeric,price,timeless,classifyZone,no,,,,,,,
TPO_POC,structure,numeric,price,timeless,maxShare,no,,,,,,,
TPO_POC,structure,numeric,price,timeless,rank,no,,,,,,,
TPO_POC,structure,numeric,price,timeless,crossDetect,no,,,,,,,
TPO_POC,structure,numeric,price,timeless,count,no,,,,,,,
TPO_POC,structure,numeric,price,timeless,nearestZoneType,no,,,,,,,
TPO_POC,structure,numeric,price,timeless,nearestZoneRange,no,,,,,,,
TPO_POC,structure,numeric,price,timeless,nearestZoneDist,no,,,,,,,
TPO_POC,structure,numeric,price,timeless,nearestZoneAge,no,,,,,,,
TPO_VAH,structure,numeric,price,timeless,value,yes,,,,,,,
TPO_VAH,structure,numeric,price,timeless,trajectory,no,,,,,,,
TPO_VAH,structure,numeric,price,timeless,distance,yes,,,,,,,
TPO_VAH,structure,numeric,price,timeless,spread,yes,yes,,,,,,50
TPO_VAH,structure,numeric,price,timeless,aggregate,no,,,,,,,
TPO_VAH,structure,numeric,price,timeless,efficiency,no,,,,,,,
TPO_VAH,structure,numeric,price,timeless,bandTouch,yes,,,,,,,
TPO_VAH,structure,numeric,price,timeless,classifyZone,no,,,,,,,
TPO_VAH,structure,numeric,price,timeless,maxShare,no,,,,,,,
TPO_VAH,structure,numeric,price,timeless,rank,no,,,,,,,
TPO_VAH,structure,numeric,price,timeless,crossDetect,no,,,,,,,
TPO_VAH,structure,numeric,price,timeless,count,no,,,,,,,
TPO_VAH,structure,numeric,price,timeless,nearestZoneType,no,,,,,,,
TPO_VAH,structure,numeric,price,timeless,nearestZoneRange,no,,,,,,,
TPO_VAH,structure,numeric,price,timeless,nearestZoneDist,no,,,,,,,
TPO_VAH,structure,numeric,price,timeless,nearestZoneAge,no,,,,,,,
TPO_VAL,structure,numeric,price,timeless,value,yes,,,,,,,
TPO_VAL,structure,numeric,price,timeless,trajectory,no,,,,,,,
TPO_VAL,structure,numeric,price,timeless,distance,yes,,,,,,,
TPO_VAL,structure,numeric,price,timeless,spread,yes,yes,,,,,,50
TPO_VAL,structure,numeric,price,timeless,aggregate,no,,,,,,,
TPO_VAL,structure,numeric,price,timeless,efficiency,no,,,,,,,
TPO_VAL,structure,numeric,price,timeless,bandTouch,yes,,,,,,,
TPO_VAL,structure,numeric,price,timeless,classifyZone,no,,,,,,,
TPO_VAL,structure,numeric,price,timeless,maxShare,no,,,,,,,
TPO_VAL,structure,numeric,price,timeless,rank,no,,,,,,,
TPO_VAL,structure,numeric,price,timeless,crossDetect,no,,,,,,,
TPO_VAL,structure,numeric,price,timeless,count,no,,,,,,,
TPO_VAL,structure,numeric,price,timeless,nearestZoneType,no,,,,,,,
TPO_VAL,structure,numeric,price,timeless,nearestZoneRange,no,,,,,,,
TPO_VAL,structure,numeric,price,timeless,nearestZoneDist,no,,,,,,,
TPO_VAL,structure,numeric,price,timeless,nearestZoneAge,no,,,,,,,
TPO_IB_HIGH,structure,numeric,price,timeless,value,yes,,,,,,,
TPO_IB_HIGH,structure,numeric,price,timeless,trajectory,no,,,,,,,
TPO_IB_HIGH,structure,numeric,price,timeless,distance,yes,,,,,,,
TPO_IB_HIGH,structure,numeric,price,timeless,spread,yes,yes,,,,,,50
TPO_IB_HIGH,structure,numeric,price,timeless,aggregate,no,,,,,,,
TPO_IB_HIGH,structure,numeric,price,timeless,efficiency,no,,,,,,,
TPO_IB_HIGH,structure,numeric,price,timeless,bandTouch,yes,,,,,,,
TPO_IB_HIGH,structure,numeric,price,timeless,classifyZone,no,,,,,,,
TPO_IB_HIGH,structure,numeric,price,timeless,maxShare,no,,,,,,,
TPO_IB_HIGH,structure,numeric,price,timeless,rank,no,,,,,,,
TPO_IB_HIGH,structure,numeric,price,timeless,crossDetect,no,,,,,,,
TPO_IB_HIGH,structure,numeric,price,timeless,count,no,,,,,,,
TPO_IB_HIGH,structure,numeric,price,timeless,nearestZoneType,no,,,,,,,
TPO_IB_HIGH,structure,numeric,price,timeless,nearestZoneRange,no,,,,,,,
TPO_IB_HIGH,structure,numeric,price,timeless,nearestZoneDist,no,,,,,,,
TPO_IB_HIGH,structure,numeric,price,timeless,nearestZoneAge,no,,,,,,,
TPO_IB_LOW,structure,numeric,price,timeless,value,yes,,,,,,,
TPO_IB_LOW,structure,numeric,price,timeless,trajectory,no,,,,,,,
TPO_IB_LOW,structure,numeric,price,timeless,distance,yes,,,,,,,
TPO_IB_LOW,structure,numeric,price,timeless,spread,yes,yes,,,,,,50
TPO_IB_LOW,structure,numeric,price,timeless,aggregate,no,,,,,,,
TPO_IB_LOW,structure,numeric,price,timeless,efficiency,no,,,,,,,
TPO_IB_LOW,structure,numeric,price,timeless,bandTouch,yes,,,,,,,
TPO_IB_LOW,structure,numeric,price,timeless,classifyZone,no,,,,,,,
TPO_IB_LOW,structure,numeric,price,timeless,maxShare,no,,,,,,,
TPO_IB_LOW,structure,numeric,price,timeless,rank,no,,,,,,,
TPO_IB_LOW,structure,numeric,price,timeless,crossDetect,no,,,,,,,
TPO_IB_LOW,structure,numeric,price,timeless,count,no,,,,,,,
TPO_IB_LOW,structure,numeric,price,timeless,nearestZoneType,no,,,,,,,
TPO_IB_LOW,structure,numeric,price,timeless,nearestZoneRange,no,,,,,,,
TPO_IB_LOW,structure,numeric,price,timeless,nearestZoneDist,no,,,,,,,
TPO_IB_LOW,structure,numeric,price,timeless,nearestZoneAge,no,,,,,,,
TPO_SHAPE,structure,classification,,timeless,value,yes,,,,,,,
TPO_SHAPE,structure,classification,,timeless,trajectory,no,,,,,,,
TPO_SHAPE,structure,classification,,timeless,distance,no,,,,,,,
TPO_SHAPE,structure,classification,,timeless,spread,no,,,,,,,
TPO_SHAPE,structure,classification,,timeless,aggregate,no,,,,,,,
TPO_SHAPE,structure,classification,,timeless,efficiency,no,,,,,,,
TPO_SHAPE,structure,classification,,timeless,bandTouch,no,,,,,,,
TPO_SHAPE,structure,classification,,timeless,classifyZone,no,,,,,,,
TPO_SHAPE,structure,classification,,timeless,maxShare,no,,,,,,,
TPO_SHAPE,structure,classification,,timeless,rank,no,,,,,,,
TPO_SHAPE,structure,classification,,timeless,crossDetect,no,,,,,,,
TPO_SHAPE,structure,classification,,timeless,count,no,,,,,,,
TPO_SHAPE,structure,classification,,timeless,nearestZoneType,no,,,,,,,
TPO_SHAPE,structure,classification,,timeless,nearestZoneRange,no,,,,,,,
TPO_SHAPE,structure,classification,,timeless,nearestZoneDist,no,,,,,,,
TPO_SHAPE,structure,classification,,timeless,nearestZoneAge,no,,,,,,,
PRIOR_TPO_POC,structure,numeric,price,timeless,value,yes,,,,,,,
PRIOR_TPO_POC,structure,numeric,price,timeless,trajectory,no,,,,,,,
PRIOR_TPO_POC,structure,numeric,price,timeless,distance,yes,,,,,,,
PRIOR_TPO_POC,structure,numeric,price,timeless,spread,yes,yes,,,,,,50
PRIOR_TPO_POC,structure,numeric,price,timeless,aggregate,no,,,,,,,
PRIOR_TPO_POC,structure,numeric,price,timeless,efficiency,no,,,,,,,
PRIOR_TPO_POC,structure,numeric,price,timeless,bandTouch,yes,,,,,,,
PRIOR_TPO_POC,structure,numeric,price,timeless,classifyZone,no,,,,,,,
PRIOR_TPO_POC,structure,numeric,price,timeless,maxShare,no,,,,,,,
PRIOR_TPO_POC,structure,numeric,price,timeless,rank,no,,,,,,,
PRIOR_TPO_POC,structure,numeric,price,timeless,crossDetect,no,,,,,,,
PRIOR_TPO_POC,structure,numeric,price,timeless,count,no,,,,,,,
PRIOR_TPO_POC,structure,numeric,price,timeless,nearestZoneType,no,,,,,,,
PRIOR_TPO_POC,structure,numeric,price,timeless,nearestZoneRange,no,,,,,,,
PRIOR_TPO_POC,structure,numeric,price,timeless,nearestZoneDist,no,,,,,,,
PRIOR_TPO_POC,structure,numeric,price,timeless,nearestZoneAge,no,,,,,,,
PRIOR_TPO_VAH,structure,numeric,price,timeless,value,yes,,,,,,,
PRIOR_TPO_VAH,structure,numeric,price,timeless,trajectory,no,,,,,,,
PRIOR_TPO_VAH,structure,numeric,price,timeless,distance,yes,,,,,,,
PRIOR_TPO_VAH,structure,numeric,price,timeless,spread,yes,yes,,,,,,50
PRIOR_TPO_VAH,structure,numeric,price,timeless,aggregate,no,,,,,,,
PRIOR_TPO_VAH,structure,numeric,price,timeless,efficiency,no,,,,,,,
PRIOR_TPO_VAH,structure,numeric,price,timeless,bandTouch,yes,,,,,,,
PRIOR_TPO_VAH,structure,numeric,price,timeless,classifyZone,no,,,,,,,
PRIOR_TPO_VAH,structure,numeric,price,timeless,maxShare,no,,,,,,,
PRIOR_TPO_VAH,structure,numeric,price,timeless,rank,no,,,,,,,
PRIOR_TPO_VAH,structure,numeric,price,timeless,crossDetect,no,,,,,,,
PRIOR_TPO_VAH,structure,numeric,price,timeless,count,no,,,,,,,
PRIOR_TPO_VAH,structure,numeric,price,timeless,nearestZoneType,no,,,,,,,
PRIOR_TPO_VAH,structure,numeric,price,timeless,nearestZoneRange,no,,,,,,,
PRIOR_TPO_VAH,structure,numeric,price,timeless,nearestZoneDist,no,,,,,,,
PRIOR_TPO_VAH,structure,numeric,price,timeless,nearestZoneAge,no,,,,,,,
PRIOR_TPO_VAL,structure,numeric,price,timeless,value,yes,,,,,,,
PRIOR_TPO_VAL,structure,numeric,price,timeless,trajectory,no,,,,,,,
PRIOR_TPO_VAL,structure,numeric,price,timeless,distance,yes,,,,,,,
PRIOR_TPO_VAL,structure,numeric,price,timeless,spread,yes,yes,,,,,,50
PRIOR_TPO_VAL,structure,numeric,price,timeless,aggregate,no,,,,,,,
PRIOR_TPO_VAL,structure,numeric,price,timeless,efficiency,no,,,,,,,
PRIOR_TPO_VAL,structure,numeric,price,timeless,bandTouch,yes,,,,,,,
PRIOR_TPO_VAL,structure,numeric,price,timeless,classifyZone,no,,,,,,,
PRIOR_TPO_VAL,structure,numeric,price,timeless,maxShare,no,,,,,,,
PRIOR_TPO_VAL,structure,numeric,price,timeless,rank,no,,,,,,,
PRIOR_TPO_VAL,structure,numeric,price,timeless,crossDetect,no,,,,,,,
PRIOR_TPO_VAL,structure,numeric,price,timeless,count,no,,,,,,,
PRIOR_TPO_VAL,structure,numeric,price,timeless,nearestZoneType,no,,,,,,,
PRIOR_TPO_VAL,structure,numeric,price,timeless,nearestZoneRange,no,,,,,,,
PRIOR_TPO_VAL,structure,numeric,price,timeless,nearestZoneDist,no,,,,,,,
PRIOR_TPO_VAL,structure,numeric,price,timeless,nearestZoneAge,no,,,,,,,
BB_UPPER,structure,numeric,price,candle,value,yes,,,,,,,
BB_UPPER,structure,numeric,price,candle,trajectory,yes,,,,,,,
BB_UPPER,structure,numeric,price,candle,distance,yes,,,trajectory|aggregate|efficiency,,,,
BB_UPPER,structure,numeric,price,candle,spread,yes,yes,,trajectory|aggregate|efficiency,,,,50
BB_UPPER,structure,numeric,price,candle,aggregate,yes,,,,,,,
BB_UPPER,structure,numeric,price,candle,efficiency,yes,,,,,,,
BB_UPPER,structure,numeric,price,candle,bandTouch,yes,,,,,,,
BB_UPPER,structure,numeric,price,candle,classifyZone,no,,,,,,,
BB_UPPER,structure,numeric,price,candle,maxShare,no,,,,,,,
BB_UPPER,structure,numeric,price,candle,rank,no,,,,,,,
BB_UPPER,structure,numeric,price,candle,crossDetect,no,,,,,,,
BB_UPPER,structure,numeric,price,candle,count,no,,,,,,,
BB_UPPER,structure,numeric,price,candle,nearestZoneType,no,,,,,,,
BB_UPPER,structure,numeric,price,candle,nearestZoneRange,no,,,,,,,
BB_UPPER,structure,numeric,price,candle,nearestZoneDist,no,,,,,,,
BB_UPPER,structure,numeric,price,candle,nearestZoneAge,no,,,,,,,
BB_LOWER,structure,numeric,price,candle,value,yes,,,,,,,
BB_LOWER,structure,numeric,price,candle,trajectory,yes,,,,,,,
BB_LOWER,structure,numeric,price,candle,distance,yes,,,trajectory|aggregate|efficiency,,,,
BB_LOWER,structure,numeric,price,candle,spread,yes,yes,,trajectory|aggregate|efficiency,,,,50
BB_LOWER,structure,numeric,price,candle,aggregate,yes,,,,,,,
BB_LOWER,structure,numeric,price,candle,efficiency,yes,,,,,,,
BB_LOWER,structure,numeric,price,candle,bandTouch,yes,,,,,,,
BB_LOWER,structure,numeric,price,candle,classifyZone,no,,,,,,,
BB_LOWER,structure,numeric,price,candle,maxShare,no,,,,,,,
BB_LOWER,structure,numeric,price,candle,rank,no,,,,,,,
BB_LOWER,structure,numeric,price,candle,crossDetect,no,,,,,,,
BB_LOWER,structure,numeric,price,candle,count,no,,,,,,,
BB_LOWER,structure,numeric,price,candle,nearestZoneType,no,,,,,,,
BB_LOWER,structure,numeric,price,candle,nearestZoneRange,no,,,,,,,
BB_LOWER,structure,numeric,price,candle,nearestZoneDist,no,,,,,,,
BB_LOWER,structure,numeric,price,candle,nearestZoneAge,no,,,,,,,
KC_UPPER,structure,numeric,price,candle,value,yes,,,,,,,
KC_UPPER,structure,numeric,price,candle,trajectory,yes,,,,,,,
KC_UPPER,structure,numeric,price,candle,distance,yes,,,trajectory|aggregate|efficiency|rank,hi|lo|far|near,,,
KC_UPPER,structure,numeric,price,candle,spread,yes,yes,,trajectory|aggregate|efficiency,,,,50
KC_UPPER,structure,numeric,price,candle,aggregate,yes,,,,,,,
KC_UPPER,structure,numeric,price,candle,efficiency,yes,,,,,,,
KC_UPPER,structure,numeric,price,candle,bandTouch,yes,,,,,,,
KC_UPPER,structure,numeric,price,candle,classifyZone,no,,,,,,,
KC_UPPER,structure,numeric,price,candle,maxShare,no,,,,,,,
KC_UPPER,structure,numeric,price,candle,rank,no,,,,,,,
KC_UPPER,structure,numeric,price,candle,crossDetect,no,,,,,,,
KC_UPPER,structure,numeric,price,candle,count,no,,,,,,,
KC_UPPER,structure,numeric,price,candle,nearestZoneType,no,,,,,,,
KC_UPPER,structure,numeric,price,candle,nearestZoneRange,no,,,,,,,
KC_UPPER,structure,numeric,price,candle,nearestZoneDist,no,,,,,,,
KC_UPPER,structure,numeric,price,candle,nearestZoneAge,no,,,,,,,
KC_MID,structure,numeric,price,candle,value,yes,,,,,,,
KC_MID,structure,numeric,price,candle,trajectory,yes,,,,,,,
KC_MID,structure,numeric,price,candle,distance,yes,,,trajectory|aggregate|efficiency|rank,hi|lo|far|near,,,
KC_MID,structure,numeric,price,candle,spread,yes,yes,,trajectory|aggregate|efficiency,,,,50
KC_MID,structure,numeric,price,candle,aggregate,yes,,,,,,,
KC_MID,structure,numeric,price,candle,efficiency,yes,,,,,,,
KC_MID,structure,numeric,price,candle,bandTouch,yes,,,,,,,
KC_MID,structure,numeric,price,candle,classifyZone,no,,,,,,,
KC_MID,structure,numeric,price,candle,maxShare,no,,,,,,,
KC_MID,structure,numeric,price,candle,rank,no,,,,,,,
KC_MID,structure,numeric,price,candle,crossDetect,no,,,,,,,
KC_MID,structure,numeric,price,candle,count,no,,,,,,,
KC_MID,structure,numeric,price,candle,nearestZoneType,no,,,,,,,
KC_MID,structure,numeric,price,candle,nearestZoneRange,no,,,,,,,
KC_MID,structure,numeric,price,candle,nearestZoneDist,no,,,,,,,
KC_MID,structure,numeric,price,candle,nearestZoneAge,no,,,,,,,
KC_LOWER,structure,numeric,price,candle,value,yes,,,,,,,
KC_LOWER,structure,numeric,price,candle,trajectory,yes,,,,,,,
KC_LOWER,structure,numeric,price,candle,distance,yes,,,trajectory|aggregate|efficiency|rank,hi|lo|far|near,,,
KC_LOWER,structure,numeric,price,candle,spread,yes,yes,,trajectory|aggregate|efficiency,,,,50
KC_LOWER,structure,numeric,price,candle,aggregate,yes,,,,,,,
KC_LOWER,structure,numeric,price,candle,efficiency,yes,,,,,,,
KC_LOWER,structure,numeric,price,candle,bandTouch,yes,,,,,,,
KC_LOWER,structure,numeric,price,candle,classifyZone,no,,,,,,,
KC_LOWER,structure,numeric,price,candle,maxShare,no,,,,,,,
KC_LOWER,structure,numeric,price,candle,rank,no,,,,,,,
KC_LOWER,structure,numeric,price,candle,crossDetect,no,,,,,,,
KC_LOWER,structure,numeric,price,candle,count,no,,,,,,,
KC_LOWER,structure,numeric,price,candle,nearestZoneType,no,,,,,,,
KC_LOWER,structure,numeric,price,candle,nearestZoneRange,no,,,,,,,
KC_LOWER,structure,numeric,price,candle,nearestZoneDist,no,,,,,,,
KC_LOWER,structure,numeric,price,candle,nearestZoneAge,no,,,,,,,
ST_LINE,structure,numeric,price,candle,value,yes,,,,,,,
ST_LINE,structure,numeric,price,candle,trajectory,yes,,,,,,,
ST_LINE,structure,numeric,price,candle,distance,yes,,,trajectory|aggregate|efficiency|rank,hi|lo|far|near,,,
ST_LINE,structure,numeric,price,candle,spread,yes,yes,,trajectory|aggregate|efficiency,,,,50
ST_LINE,structure,numeric,price,candle,aggregate,yes,,,,,,,
ST_LINE,structure,numeric,price,candle,efficiency,yes,,,,,,,
ST_LINE,structure,numeric,price,candle,bandTouch,yes,,,,,,,
ST_LINE,structure,numeric,price,candle,classifyZone,no,,,,,,,
ST_LINE,structure,numeric,price,candle,maxShare,no,,,,,,,
ST_LINE,structure,numeric,price,candle,rank,no,,,,,,,
ST_LINE,structure,numeric,price,candle,crossDetect,no,,,,,,,
ST_LINE,structure,numeric,price,candle,count,no,,,,,,,
ST_LINE,structure,numeric,price,candle,nearestZoneType,no,,,,,,,
ST_LINE,structure,numeric,price,candle,nearestZoneRange,no,,,,,,,
ST_LINE,structure,numeric,price,candle,nearestZoneDist,no,,,,,,,
ST_LINE,structure,numeric,price,candle,nearestZoneAge,no,,,,,,,
ST_DIR,trend,classification,,candle,value,yes,,,,,,,
ST_DIR,trend,classification,,candle,trajectory,no,,,,,,,
ST_DIR,trend,classification,,candle,distance,no,,,,,,,
ST_DIR,trend,classification,,candle,spread,no,,,,,,,
ST_DIR,trend,classification,,candle,aggregate,no,,,,,,,
ST_DIR,trend,classification,,candle,efficiency,no,,,,,,,
ST_DIR,trend,classification,,candle,bandTouch,no,,,,,,,
ST_DIR,trend,classification,,candle,classifyZone,no,,,,,,,
ST_DIR,trend,classification,,candle,maxShare,no,,,,,,,
ST_DIR,trend,classification,,candle,rank,no,,,,,,,
ST_DIR,trend,classification,,candle,crossDetect,no,,,,,,,
ST_DIR,trend,classification,,candle,count,no,,,,,,,
ST_DIR,trend,classification,,candle,nearestZoneType,no,,,,,,,
ST_DIR,trend,classification,,candle,nearestZoneRange,no,,,,,,,
ST_DIR,trend,classification,,candle,nearestZoneDist,no,,,,,,,
ST_DIR,trend,classification,,candle,nearestZoneAge,no,,,,,,,
HMA20,trend,numeric,price,candle,value,yes,,,,,,,
HMA20,trend,numeric,price,candle,trajectory,yes,,,,,,,
HMA20,trend,numeric,price,candle,distance,yes,,,trajectory|aggregate|efficiency|rank,hi|lo|far|near,,,
HMA20,trend,numeric,price,candle,spread,yes,yes,,trajectory|aggregate|efficiency,,,,50
HMA20,trend,numeric,price,candle,aggregate,yes,,,,,,,
HMA20,trend,numeric,price,candle,efficiency,yes,,,,,,,
HMA20,trend,numeric,price,candle,bandTouch,yes,,,,,,,
HMA20,trend,numeric,price,candle,classifyZone,no,,,,,,,
HMA20,trend,numeric,price,candle,maxShare,no,,,,,,,
HMA20,trend,numeric,price,candle,rank,no,,,,,,,
HMA20,trend,numeric,price,candle,crossDetect,no,,,,,,,
HMA20,trend,numeric,price,candle,count,no,,,,,,,
HMA20,trend,numeric,price,candle,nearestZoneType,no,,,,,,,
HMA20,trend,numeric,price,candle,nearestZoneRange,no,,,,,,,
HMA20,trend,numeric,price,candle,nearestZoneDist,no,,,,,,,
HMA20,trend,numeric,price,candle,nearestZoneAge,no,,,,,,,
WT1,momentum,numeric,oscillator,candle,value,yes,,,,,,,
WT1,momentum,numeric,oscillator,candle,trajectory,yes,,,,,,,
WT1,momentum,numeric,oscillator,candle,distance,no,,,,,,,
WT1,momentum,numeric,oscillator,candle,spread,yes,yes,,trajectory|aggregate|efficiency,,,,16
WT1,momentum,numeric,oscillator,candle,aggregate,yes,,,,,,,
WT1,momentum,numeric,oscillator,candle,efficiency,yes,,,,,,,
WT1,momentum,numeric,oscillator,candle,bandTouch,no,,,,,,,
WT1,momentum,numeric,oscillator,candle,classifyZone,no,,,,,,,
WT1,momentum,numeric,oscillator,candle,maxShare,no,,,,,,,
WT1,momentum,numeric,oscillator,candle,rank,yes,,,,,,hi|lo|far|near,
WT1,momentum,numeric,oscillator,candle,crossDetect,no,,,,,,,
WT1,momentum,numeric,oscillator,candle,count,no,,,,,,,
WT1,momentum,numeric,oscillator,candle,nearestZoneType,no,,,,,,,
WT1,momentum,numeric,oscillator,candle,nearestZoneRange,no,,,,,,,
WT1,momentum,numeric,oscillator,candle,nearestZoneDist,no,,,,,,,
WT1,momentum,numeric,oscillator,candle,nearestZoneAge,no,,,,,,,
WT2,momentum,numeric,oscillator,candle,value,yes,,,,,,,
WT2,momentum,numeric,oscillator,candle,trajectory,yes,,,,,,,
WT2,momentum,numeric,oscillator,candle,distance,no,,,,,,,
WT2,momentum,numeric,oscillator,candle,spread,yes,yes,,trajectory|aggregate|efficiency,,,,16
WT2,momentum,numeric,oscillator,candle,aggregate,yes,,,,,,,
WT2,momentum,numeric,oscillator,candle,efficiency,yes,,,,,,,
WT2,momentum,numeric,oscillator,candle,bandTouch,no,,,,,,,
WT2,momentum,numeric,oscillator,candle,classifyZone,no,,,,,,,
WT2,momentum,numeric,oscillator,candle,maxShare,no,,,,,,,
WT2,momentum,numeric,oscillator,candle,rank,yes,,,,,,hi|lo|far|near,
WT2,momentum,numeric,oscillator,candle,crossDetect,no,,,,,,,
WT2,momentum,numeric,oscillator,candle,count,no,,,,,,,
WT2,momentum,numeric,oscillator,candle,nearestZoneType,no,,,,,,,
WT2,momentum,numeric,oscillator,candle,nearestZoneRange,no,,,,,,,
WT2,momentum,numeric,oscillator,candle,nearestZoneDist,no,,,,,,,
WT2,momentum,numeric,oscillator,candle,nearestZoneAge,no,,,,,,,
QQE_RSI_MA,momentum,numeric,oscillator,candle,value,yes,,,,,,,
QQE_RSI_MA,momentum,numeric,oscillator,candle,trajectory,yes,,,,,,,
QQE_RSI_MA,momentum,numeric,oscillator,candle,distance,no,,,,,,,
QQE_RSI_MA,momentum,numeric,oscillator,candle,spread,yes,yes,,trajectory|aggregate|efficiency,,,,16
QQE_RSI_MA,momentum,numeric,oscillator,candle,aggregate,yes,,,,,,,
QQE_RSI_MA,momentum,numeric,oscillator,candle,efficiency,yes,,,,,,,
QQE_RSI_MA,momentum,numeric,oscillator,candle,bandTouch,no,,,,,,,
QQE_RSI_MA,momentum,numeric,oscillator,candle,classifyZone,no,,,,,,,
QQE_RSI_MA,momentum,numeric,oscillator,candle,maxShare,yes,,,,,,,
QQE_RSI_MA,momentum,numeric,oscillator,candle,rank,yes,,,,,,hi|lo,
QQE_RSI_MA,momentum,numeric,oscillator,candle,crossDetect,no,,,,,,,
QQE_RSI_MA,momentum,numeric,oscillator,candle,count,no,,,,,,,
QQE_RSI_MA,momentum,numeric,oscillator,candle,nearestZoneType,no,,,,,,,
QQE_RSI_MA,momentum,numeric,oscillator,candle,nearestZoneRange,no,,,,,,,
QQE_RSI_MA,momentum,numeric,oscillator,candle,nearestZoneDist,no,,,,,,,
QQE_RSI_MA,momentum,numeric,oscillator,candle,nearestZoneAge,no,,,,,,,
QQE_STOP,momentum,numeric,oscillator,candle,value,yes,,,,,,,
QQE_STOP,momentum,numeric,oscillator,candle,trajectory,yes,,,,,,,
QQE_STOP,momentum,numeric,oscillator,candle,distance,no,,,,,,,
QQE_STOP,momentum,numeric,oscillator,candle,spread,yes,yes,,trajectory|aggregate|efficiency,,,,16
QQE_STOP,momentum,numeric,oscillator,candle,aggregate,yes,,,,,,,
QQE_STOP,momentum,numeric,oscillator,candle,efficiency,yes,,,,,,,
QQE_STOP,momentum,numeric,oscillator,candle,bandTouch,no,,,,,,,
QQE_STOP,momentum,numeric,oscillator,candle,classifyZone,no,,,,,,,
QQE_STOP,momentum,numeric,oscillator,candle,maxShare,yes,,,,,,,
QQE_STOP,momentum,numeric,oscillator,candle,rank,yes,,,,,,hi|lo,
QQE_STOP,momentum,numeric,oscillator,candle,crossDetect,no,,,,,,,
QQE_STOP,momentum,numeric,oscillator,candle,count,no,,,,,,,
QQE_STOP,momentum,numeric,oscillator,candle,nearestZoneType,no,,,,,,,
QQE_STOP,momentum,numeric,oscillator,candle,nearestZoneRange,no,,,,,,,
QQE_STOP,momentum,numeric,oscillator,candle,nearestZoneDist,no,,,,,,,
QQE_STOP,momentum,numeric,oscillator,candle,nearestZoneAge,no,,,,,,,
PSAR,structure,numeric,price,candle,value,yes,,,,,,,
PSAR,structure,numeric,price,candle,trajectory,yes,,,,,,,
PSAR,structure,numeric,price,candle,distance,yes,,,trajectory|aggregate|efficiency|rank,hi|lo|far|near,,,
PSAR,structure,numeric,price,candle,spread,yes,yes,,trajectory|aggregate|efficiency,,,,50
PSAR,structure,numeric,price,candle,aggregate,yes,,,,,,,
PSAR,structure,numeric,price,candle,efficiency,yes,,,,,,,
PSAR,structure,numeric,price,candle,bandTouch,yes,,,,,,,
PSAR,structure,numeric,price,candle,classifyZone,no,,,,,,,
PSAR,structure,numeric,price,candle,maxShare,no,,,,,,,
PSAR,structure,numeric,price,candle,rank,no,,,,,,,
PSAR,structure,numeric,price,candle,crossDetect,no,,,,,,,
PSAR,structure,numeric,price,candle,count,no,,,,,,,
PSAR,structure,numeric,price,candle,nearestZoneType,no,,,,,,,
PSAR,structure,numeric,price,candle,nearestZoneRange,no,,,,,,,
PSAR,structure,numeric,price,candle,nearestZoneDist,no,,,,,,,
PSAR,structure,numeric,price,candle,nearestZoneAge,no,,,,,,,
ICHI_CONV,trend,numeric,price,candle,value,yes,,,,,,,
ICHI_CONV,trend,numeric,price,candle,trajectory,yes,,,,,,,
ICHI_CONV,trend,numeric,price,candle,distance,yes,,,trajectory|aggregate|efficiency,,,,
ICHI_CONV,trend,numeric,price,candle,spread,yes,yes,,trajectory|aggregate|efficiency,,,,50
ICHI_CONV,trend,numeric,price,candle,aggregate,yes,,,,,,,
ICHI_CONV,trend,numeric,price,candle,efficiency,yes,,,,,,,
ICHI_CONV,trend,numeric,price,candle,bandTouch,yes,,,,,,,
ICHI_CONV,trend,numeric,price,candle,classifyZone,no,,,,,,,
ICHI_CONV,trend,numeric,price,candle,maxShare,no,,,,,,,
ICHI_CONV,trend,numeric,price,candle,rank,no,,,,,,,
ICHI_CONV,trend,numeric,price,candle,crossDetect,no,,,,,,,
ICHI_CONV,trend,numeric,price,candle,count,no,,,,,,,
ICHI_CONV,trend,numeric,price,candle,nearestZoneType,no,,,,,,,
ICHI_CONV,trend,numeric,price,candle,nearestZoneRange,no,,,,,,,
ICHI_CONV,trend,numeric,price,candle,nearestZoneDist,no,,,,,,,
ICHI_CONV,trend,numeric,price,candle,nearestZoneAge,no,,,,,,,
ICHI_BASE,trend,numeric,price,candle,value,yes,,,,,,,
ICHI_BASE,trend,numeric,price,candle,trajectory,yes,,,,,,,
ICHI_BASE,trend,numeric,price,candle,distance,yes,,,trajectory|aggregate|efficiency,,,,
ICHI_BASE,trend,numeric,price,candle,spread,yes,yes,,trajectory|aggregate|efficiency,,,,50
ICHI_BASE,trend,numeric,price,candle,aggregate,yes,,,,,,,
ICHI_BASE,trend,numeric,price,candle,efficiency,yes,,,,,,,
ICHI_BASE,trend,numeric,price,candle,bandTouch,yes,,,,,,,
ICHI_BASE,trend,numeric,price,candle,classifyZone,no,,,,,,,
ICHI_BASE,trend,numeric,price,candle,maxShare,no,,,,,,,
ICHI_BASE,trend,numeric,price,candle,rank,no,,,,,,,
ICHI_BASE,trend,numeric,price,candle,crossDetect,no,,,,,,,
ICHI_BASE,trend,numeric,price,candle,count,no,,,,,,,
ICHI_BASE,trend,numeric,price,candle,nearestZoneType,no,,,,,,,
ICHI_BASE,trend,numeric,price,candle,nearestZoneRange,no,,,,,,,
ICHI_BASE,trend,numeric,price,candle,nearestZoneDist,no,,,,,,,
ICHI_BASE,trend,numeric,price,candle,nearestZoneAge,no,,,,,,,
ICHI_SPAN_A,trend,numeric,price,candle,value,yes,,,,,,,
ICHI_SPAN_A,trend,numeric,price,candle,trajectory,yes,,,,,,,
ICHI_SPAN_A,trend,numeric,price,candle,distance,yes,,,trajectory|aggregate|efficiency,,,,
ICHI_SPAN_A,trend,numeric,price,candle,spread,yes,yes,,trajectory|aggregate|efficiency,,,,50
ICHI_SPAN_A,trend,numeric,price,candle,aggregate,yes,,,,,,,
ICHI_SPAN_A,trend,numeric,price,candle,efficiency,yes,,,,,,,
ICHI_SPAN_A,trend,numeric,price,candle,bandTouch,yes,,,,,,,
ICHI_SPAN_A,trend,numeric,price,candle,classifyZone,no,,,,,,,
ICHI_SPAN_A,trend,numeric,price,candle,maxShare,no,,,,,,,
ICHI_SPAN_A,trend,numeric,price,candle,rank,no,,,,,,,
ICHI_SPAN_A,trend,numeric,price,candle,crossDetect,no,,,,,,,
ICHI_SPAN_A,trend,numeric,price,candle,count,no,,,,,,,
ICHI_SPAN_A,trend,numeric,price,candle,nearestZoneType,no,,,,,,,
ICHI_SPAN_A,trend,numeric,price,candle,nearestZoneRange,no,,,,,,,
ICHI_SPAN_A,trend,numeric,price,candle,nearestZoneDist,no,,,,,,,
ICHI_SPAN_A,trend,numeric,price,candle,nearestZoneAge,no,,,,,,,
ICHI_SPAN_B,trend,numeric,price,candle,value,yes,,,,,,,
ICHI_SPAN_B,trend,numeric,price,candle,trajectory,yes,,,,,,,
ICHI_SPAN_B,trend,numeric,price,candle,distance,yes,,,trajectory|aggregate|efficiency,,,,
ICHI_SPAN_B,trend,numeric,price,candle,spread,yes,yes,,trajectory|aggregate|efficiency,,,,50
ICHI_SPAN_B,trend,numeric,price,candle,aggregate,yes,,,,,,,
ICHI_SPAN_B,trend,numeric,price,candle,efficiency,yes,,,,,,,
ICHI_SPAN_B,trend,numeric,price,candle,bandTouch,yes,,,,,,,
ICHI_SPAN_B,trend,numeric,price,candle,classifyZone,no,,,,,,,
ICHI_SPAN_B,trend,numeric,price,candle,maxShare,no,,,,,,,
ICHI_SPAN_B,trend,numeric,price,candle,rank,no,,,,,,,
ICHI_SPAN_B,trend,numeric,price,candle,crossDetect,no,,,,,,,
ICHI_SPAN_B,trend,numeric,price,candle,count,no,,,,,,,
ICHI_SPAN_B,trend,numeric,price,candle,nearestZoneType,no,,,,,,,
ICHI_SPAN_B,trend,numeric,price,candle,nearestZoneRange,no,,,,,,,
ICHI_SPAN_B,trend,numeric,price,candle,nearestZoneDist,no,,,,,,,
ICHI_SPAN_B,trend,numeric,price,candle,nearestZoneAge,no,,,,,,,
ICHI_LAG,trend,numeric,price,candle,value,yes,,,,,,,
ICHI_LAG,trend,numeric,price,candle,trajectory,yes,,,,,,,
ICHI_LAG,trend,numeric,price,candle,distance,yes,,,trajectory|aggregate|efficiency,,,,
ICHI_LAG,trend,numeric,price,candle,spread,yes,yes,,trajectory|aggregate|efficiency,,,,50
ICHI_LAG,trend,numeric,price,candle,aggregate,yes,,,,,,,
ICHI_LAG,trend,numeric,price,candle,efficiency,yes,,,,,,,
ICHI_LAG,trend,numeric,price,candle,bandTouch,yes,,,,,,,
ICHI_LAG,trend,numeric,price,candle,classifyZone,no,,,,,,,
ICHI_LAG,trend,numeric,price,candle,maxShare,no,,,,,,,
ICHI_LAG,trend,numeric,price,candle,rank,no,,,,,,,
ICHI_LAG,trend,numeric,price,candle,crossDetect,no,,,,,,,
ICHI_LAG,trend,numeric,price,candle,count,no,,,,,,,
ICHI_LAG,trend,numeric,price,candle,nearestZoneType,no,,,,,,,
ICHI_LAG,trend,numeric,price,candle,nearestZoneRange,no,,,,,,,
ICHI_LAG,trend,numeric,price,candle,nearestZoneDist,no,,,,,,,
ICHI_LAG,trend,numeric,price,candle,nearestZoneAge,no,,,,,,,
WILLR14,momentum,numeric,oscillator,candle,value,yes,,,,,,,
WILLR14,momentum,numeric,oscillator,candle,trajectory,yes,,,,,,,
WILLR14,momentum,numeric,oscillator,candle,distance,no,,,,,,,
WILLR14,momentum,numeric,oscillator,candle,spread,yes,yes,,trajectory|aggregate|efficiency,,,,16
WILLR14,momentum,numeric,oscillator,candle,aggregate,yes,,,,,,,
WILLR14,momentum,numeric,oscillator,candle,efficiency,yes,,,,,,,
WILLR14,momentum,numeric,oscillator,candle,bandTouch,no,,,,,,,
WILLR14,momentum,numeric,oscillator,candle,classifyZone,no,,,,,,,
WILLR14,momentum,numeric,oscillator,candle,maxShare,no,,,,,,,
WILLR14,momentum,numeric,oscillator,candle,rank,yes,,,,,,hi|lo|far|near,
WILLR14,momentum,numeric,oscillator,candle,crossDetect,no,,,,,,,
WILLR14,momentum,numeric,oscillator,candle,count,no,,,,,,,
WILLR14,momentum,numeric,oscillator,candle,nearestZoneType,no,,,,,,,
WILLR14,momentum,numeric,oscillator,candle,nearestZoneRange,no,,,,,,,
WILLR14,momentum,numeric,oscillator,candle,nearestZoneDist,no,,,,,,,
WILLR14,momentum,numeric,oscillator,candle,nearestZoneAge,no,,,,,,,
STOCH_RSI14,momentum,numeric,fraction,candle,value,yes,,,,,,,
STOCH_RSI14,momentum,numeric,fraction,candle,trajectory,yes,,,,,,,
STOCH_RSI14,momentum,numeric,fraction,candle,distance,no,,,,,,,
STOCH_RSI14,momentum,numeric,fraction,candle,spread,yes,yes,,trajectory|aggregate|efficiency,,,,2
STOCH_RSI14,momentum,numeric,fraction,candle,aggregate,yes,,,,,,,
STOCH_RSI14,momentum,numeric,fraction,candle,efficiency,yes,,,,,,,
STOCH_RSI14,momentum,numeric,fraction,candle,bandTouch,no,,,,,,,
STOCH_RSI14,momentum,numeric,fraction,candle,classifyZone,no,,,,,,,
STOCH_RSI14,momentum,numeric,fraction,candle,maxShare,yes,,,,,,,
STOCH_RSI14,momentum,numeric,fraction,candle,rank,yes,,,,,,hi|lo,
STOCH_RSI14,momentum,numeric,fraction,candle,crossDetect,no,,,,,,,
STOCH_RSI14,momentum,numeric,fraction,candle,count,no,,,,,,,
STOCH_RSI14,momentum,numeric,fraction,candle,nearestZoneType,no,,,,,,,
STOCH_RSI14,momentum,numeric,fraction,candle,nearestZoneRange,no,,,,,,,
STOCH_RSI14,momentum,numeric,fraction,candle,nearestZoneDist,no,,,,,,,
STOCH_RSI14,momentum,numeric,fraction,candle,nearestZoneAge,no,,,,,,,
PIVOT_P,structure,numeric,price,candle,value,yes,,,,,,,
PIVOT_P,structure,numeric,price,candle,trajectory,yes,,,,,,,
PIVOT_P,structure,numeric,price,candle,distance,yes,,,trajectory|aggregate|efficiency,,,,
PIVOT_P,structure,numeric,price,candle,spread,yes,yes,,trajectory|aggregate|efficiency,,,,50
PIVOT_P,structure,numeric,price,candle,aggregate,yes,,,,,,,
PIVOT_P,structure,numeric,price,candle,efficiency,yes,,,,,,,
PIVOT_P,structure,numeric,price,candle,bandTouch,yes,,,,,,,
PIVOT_P,structure,numeric,price,candle,classifyZone,no,,,,,,,
PIVOT_P,structure,numeric,price,candle,maxShare,no,,,,,,,
PIVOT_P,structure,numeric,price,candle,rank,no,,,,,,,
PIVOT_P,structure,numeric,price,candle,crossDetect,no,,,,,,,
PIVOT_P,structure,numeric,price,candle,count,no,,,,,,,
PIVOT_P,structure,numeric,price,candle,nearestZoneType,no,,,,,,,
PIVOT_P,structure,numeric,price,candle,nearestZoneRange,no,,,,,,,
PIVOT_P,structure,numeric,price,candle,nearestZoneDist,no,,,,,,,
PIVOT_P,structure,numeric,price,candle,nearestZoneAge,no,,,,,,,
PIVOT_R1,structure,numeric,price,candle,value,yes,,,,,,,
PIVOT_R1,structure,numeric,price,candle,trajectory,yes,,,,,,,
PIVOT_R1,structure,numeric,price,candle,distance,yes,,,trajectory|aggregate|efficiency,,,,
PIVOT_R1,structure,numeric,price,candle,spread,yes,yes,,trajectory|aggregate|efficiency,,,,50
PIVOT_R1,structure,numeric,price,candle,aggregate,yes,,,,,,,
PIVOT_R1,structure,numeric,price,candle,efficiency,yes,,,,,,,
PIVOT_R1,structure,numeric,price,candle,bandTouch,yes,,,,,,,
PIVOT_R1,structure,numeric,price,candle,classifyZone,no,,,,,,,
PIVOT_R1,structure,numeric,price,candle,maxShare,no,,,,,,,
PIVOT_R1,structure,numeric,price,candle,rank,no,,,,,,,
PIVOT_R1,structure,numeric,price,candle,crossDetect,no,,,,,,,
PIVOT_R1,structure,numeric,price,candle,count,no,,,,,,,
PIVOT_R1,structure,numeric,price,candle,nearestZoneType,no,,,,,,,
PIVOT_R1,structure,numeric,price,candle,nearestZoneRange,no,,,,,,,
PIVOT_R1,structure,numeric,price,candle,nearestZoneDist,no,,,,,,,
PIVOT_R1,structure,numeric,price,candle,nearestZoneAge,no,,,,,,,
PIVOT_R2,structure,numeric,price,candle,value,yes,,,,,,,
PIVOT_R2,structure,numeric,price,candle,trajectory,yes,,,,,,,
PIVOT_R2,structure,numeric,price,candle,distance,yes,,,trajectory|aggregate|efficiency,,,,
PIVOT_R2,structure,numeric,price,candle,spread,yes,yes,,trajectory|aggregate|efficiency,,,,50
PIVOT_R2,structure,numeric,price,candle,aggregate,yes,,,,,,,
PIVOT_R2,structure,numeric,price,candle,efficiency,yes,,,,,,,
PIVOT_R2,structure,numeric,price,candle,bandTouch,yes,,,,,,,
PIVOT_R2,structure,numeric,price,candle,classifyZone,no,,,,,,,
PIVOT_R2,structure,numeric,price,candle,maxShare,no,,,,,,,
PIVOT_R2,structure,numeric,price,candle,rank,no,,,,,,,
PIVOT_R2,structure,numeric,price,candle,crossDetect,no,,,,,,,
PIVOT_R2,structure,numeric,price,candle,count,no,,,,,,,
PIVOT_R2,structure,numeric,price,candle,nearestZoneType,no,,,,,,,
PIVOT_R2,structure,numeric,price,candle,nearestZoneRange,no,,,,,,,
PIVOT_R2,structure,numeric,price,candle,nearestZoneDist,no,,,,,,,
PIVOT_R2,structure,numeric,price,candle,nearestZoneAge,no,,,,,,,
PIVOT_R3,structure,numeric,price,candle,value,yes,,,,,,,
PIVOT_R3,structure,numeric,price,candle,trajectory,yes,,,,,,,
PIVOT_R3,structure,numeric,price,candle,distance,yes,,,trajectory|aggregate|efficiency,,,,
PIVOT_R3,structure,numeric,price,candle,spread,yes,yes,,trajectory|aggregate|efficiency,,,,50
PIVOT_R3,structure,numeric,price,candle,aggregate,yes,,,,,,,
PIVOT_R3,structure,numeric,price,candle,efficiency,yes,,,,,,,
PIVOT_R3,structure,numeric,price,candle,bandTouch,yes,,,,,,,
PIVOT_R3,structure,numeric,price,candle,classifyZone,no,,,,,,,
PIVOT_R3,structure,numeric,price,candle,maxShare,no,,,,,,,
PIVOT_R3,structure,numeric,price,candle,rank,no,,,,,,,
PIVOT_R3,structure,numeric,price,candle,crossDetect,no,,,,,,,
PIVOT_R3,structure,numeric,price,candle,count,no,,,,,,,
PIVOT_R3,structure,numeric,price,candle,nearestZoneType,no,,,,,,,
PIVOT_R3,structure,numeric,price,candle,nearestZoneRange,no,,,,,,,
PIVOT_R3,structure,numeric,price,candle,nearestZoneDist,no,,,,,,,
PIVOT_R3,structure,numeric,price,candle,nearestZoneAge,no,,,,,,,
PIVOT_S1,structure,numeric,price,candle,value,yes,,,,,,,
PIVOT_S1,structure,numeric,price,candle,trajectory,yes,,,,,,,
PIVOT_S1,structure,numeric,price,candle,distance,yes,,,trajectory|aggregate|efficiency,,,,
PIVOT_S1,structure,numeric,price,candle,spread,yes,yes,,trajectory|aggregate|efficiency,,,,50
PIVOT_S1,structure,numeric,price,candle,aggregate,yes,,,,,,,
PIVOT_S1,structure,numeric,price,candle,efficiency,yes,,,,,,,
PIVOT_S1,structure,numeric,price,candle,bandTouch,yes,,,,,,,
PIVOT_S1,structure,numeric,price,candle,classifyZone,no,,,,,,,
PIVOT_S1,structure,numeric,price,candle,maxShare,no,,,,,,,
PIVOT_S1,structure,numeric,price,candle,rank,no,,,,,,,
PIVOT_S1,structure,numeric,price,candle,crossDetect,no,,,,,,,
PIVOT_S1,structure,numeric,price,candle,count,no,,,,,,,
PIVOT_S1,structure,numeric,price,candle,nearestZoneType,no,,,,,,,
PIVOT_S1,structure,numeric,price,candle,nearestZoneRange,no,,,,,,,
PIVOT_S1,structure,numeric,price,candle,nearestZoneDist,no,,,,,,,
PIVOT_S1,structure,numeric,price,candle,nearestZoneAge,no,,,,,,,
PIVOT_S2,structure,numeric,price,candle,value,yes,,,,,,,
PIVOT_S2,structure,numeric,price,candle,trajectory,yes,,,,,,,
PIVOT_S2,structure,numeric,price,candle,distance,yes,,,trajectory|aggregate|efficiency,,,,
PIVOT_S2,structure,numeric,price,candle,spread,yes,yes,,trajectory|aggregate|efficiency,,,,50
PIVOT_S2,structure,numeric,price,candle,aggregate,yes,,,,,,,
PIVOT_S2,structure,numeric,price,candle,efficiency,yes,,,,,,,
PIVOT_S2,structure,numeric,price,candle,bandTouch,yes,,,,,,,
PIVOT_S2,structure,numeric,price,candle,classifyZone,no,,,,,,,
PIVOT_S2,structure,numeric,price,candle,maxShare,no,,,,,,,
PIVOT_S2,structure,numeric,price,candle,rank,no,,,,,,,
PIVOT_S2,structure,numeric,price,candle,crossDetect,no,,,,,,,
PIVOT_S2,structure,numeric,price,candle,count,no,,,,,,,
PIVOT_S2,structure,numeric,price,candle,nearestZoneType,no,,,,,,,
PIVOT_S2,structure,numeric,price,candle,nearestZoneRange,no,,,,,,,
PIVOT_S2,structure,numeric,price,candle,nearestZoneDist,no,,,,,,,
PIVOT_S2,structure,numeric,price,candle,nearestZoneAge,no,,,,,,,
PDH,structure,numeric,price,candle,value,yes,,,,,,,
PDH,structure,numeric,price,candle,trajectory,yes,,,,,,,
PDH,structure,numeric,price,candle,distance,yes,,,trajectory|aggregate|efficiency,,,,
PDH,structure,numeric,price,candle,spread,yes,yes,,trajectory|aggregate|efficiency,,,,50
PDH,structure,numeric,price,candle,aggregate,yes,,,,,,,
PDH,structure,numeric,price,candle,efficiency,yes,,,,,,,
PDH,structure,numeric,price,candle,bandTouch,yes,,,,,,,
PDH,structure,numeric,price,candle,classifyZone,no,,,,,,,
PDH,structure,numeric,price,candle,maxShare,no,,,,,,,
PDH,structure,numeric,price,candle,rank,no,,,,,,,
PDH,structure,numeric,price,candle,crossDetect,no,,,,,,,
PDH,structure,numeric,price,candle,count,no,,,,,,,
PDH,structure,numeric,price,candle,nearestZoneType,no,,,,,,,
PDH,structure,numeric,price,candle,nearestZoneRange,no,,,,,,,
PDH,structure,numeric,price,candle,nearestZoneDist,no,,,,,,,
PDH,structure,numeric,price,candle,nearestZoneAge,no,,,,,,,
PDL,structure,numeric,price,candle,value,yes,,,,,,,
PDL,structure,numeric,price,candle,trajectory,yes,,,,,,,
PDL,structure,numeric,price,candle,distance,yes,,,trajectory|aggregate|efficiency,,,,
PDL,structure,numeric,price,candle,spread,yes,yes,,trajectory|aggregate|efficiency,,,,50
PDL,structure,numeric,price,candle,aggregate,yes,,,,,,,
PDL,structure,numeric,price,candle,efficiency,yes,,,,,,,
PDL,structure,numeric,price,candle,bandTouch,yes,,,,,,,
PDL,structure,numeric,price,candle,classifyZone,no,,,,,,,
PDL,structure,numeric,price,candle,maxShare,no,,,,,,,
PDL,structure,numeric,price,candle,rank,no,,,,,,,
PDL,structure,numeric,price,candle,crossDetect,no,,,,,,,
PDL,structure,numeric,price,candle,count,no,,,,,,,
PDL,structure,numeric,price,candle,nearestZoneType,no,,,,,,,
PDL,structure,numeric,price,candle,nearestZoneRange,no,,,,,,,
PDL,structure,numeric,price,candle,nearestZoneDist,no,,,,,,,
PDL,structure,numeric,price,candle,nearestZoneAge,no,,,,,,,
PIVOT_S3,structure,numeric,price,candle,value,yes,,,,,,,
PIVOT_S3,structure,numeric,price,candle,trajectory,yes,,,,,,,
PIVOT_S3,structure,numeric,price,candle,distance,yes,,,trajectory|aggregate|efficiency,,,,
PIVOT_S3,structure,numeric,price,candle,spread,yes,yes,,trajectory|aggregate|efficiency,,,,50
PIVOT_S3,structure,numeric,price,candle,aggregate,yes,,,,,,,
PIVOT_S3,structure,numeric,price,candle,efficiency,yes,,,,,,,
PIVOT_S3,structure,numeric,price,candle,bandTouch,yes,,,,,,,
PIVOT_S3,structure,numeric,price,candle,classifyZone,no,,,,,,,
PIVOT_S3,structure,numeric,price,candle,maxShare,no,,,,,,,
PIVOT_S3,structure,numeric,price,candle,rank,no,,,,,,,
PIVOT_S3,structure,numeric,price,candle,crossDetect,no,,,,,,,
PIVOT_S3,structure,numeric,price,candle,count,no,,,,,,,
PIVOT_S3,structure,numeric,price,candle,nearestZoneType,no,,,,,,,
PIVOT_S3,structure,numeric,price,candle,nearestZoneRange,no,,,,,,,
PIVOT_S3,structure,numeric,price,candle,nearestZoneDist,no,,,,,,,
PIVOT_S3,structure,numeric,price,candle,nearestZoneAge,no,,,,,,,
DI_PLUS,trend,numeric,oscillator,candle,value,yes,,,,,,,
DI_PLUS,trend,numeric,oscillator,candle,trajectory,yes,,,,,,,
DI_PLUS,trend,numeric,oscillator,candle,distance,no,,,,,,,
DI_PLUS,trend,numeric,oscillator,candle,spread,yes,yes,,trajectory|aggregate|efficiency,,,,16
DI_PLUS,trend,numeric,oscillator,candle,aggregate,yes,,,,,,,
DI_PLUS,trend,numeric,oscillator,candle,efficiency,yes,,,,,,,
DI_PLUS,trend,numeric,oscillator,candle,bandTouch,no,,,,,,,
DI_PLUS,trend,numeric,oscillator,candle,classifyZone,no,,,,,,,
DI_PLUS,trend,numeric,oscillator,candle,maxShare,yes,,,,,,,
DI_PLUS,trend,numeric,oscillator,candle,rank,yes,,,,,,hi|lo,
DI_PLUS,trend,numeric,oscillator,candle,crossDetect,no,,,,,,,
DI_PLUS,trend,numeric,oscillator,candle,count,no,,,,,,,
DI_PLUS,trend,numeric,oscillator,candle,nearestZoneType,no,,,,,,,
DI_PLUS,trend,numeric,oscillator,candle,nearestZoneRange,no,,,,,,,
DI_PLUS,trend,numeric,oscillator,candle,nearestZoneDist,no,,,,,,,
DI_PLUS,trend,numeric,oscillator,candle,nearestZoneAge,no,,,,,,,
DI_MINUS,trend,numeric,oscillator,candle,value,yes,,,,,,,
DI_MINUS,trend,numeric,oscillator,candle,trajectory,yes,,,,,,,
DI_MINUS,trend,numeric,oscillator,candle,distance,no,,,,,,,
DI_MINUS,trend,numeric,oscillator,candle,spread,yes,yes,,trajectory|aggregate|efficiency,,,,16
DI_MINUS,trend,numeric,oscillator,candle,aggregate,yes,,,,,,,
DI_MINUS,trend,numeric,oscillator,candle,efficiency,yes,,,,,,,
DI_MINUS,trend,numeric,oscillator,candle,bandTouch,no,,,,,,,
DI_MINUS,trend,numeric,oscillator,candle,classifyZone,no,,,,,,,
DI_MINUS,trend,numeric,oscillator,candle,maxShare,yes,,,,,,,
DI_MINUS,trend,numeric,oscillator,candle,rank,yes,,,,,,hi|lo,
DI_MINUS,trend,numeric,oscillator,candle,crossDetect,no,,,,,,,
DI_MINUS,trend,numeric,oscillator,candle,count,no,,,,,,,
DI_MINUS,trend,numeric,oscillator,candle,nearestZoneType,no,,,,,,,
DI_MINUS,trend,numeric,oscillator,candle,nearestZoneRange,no,,,,,,,
DI_MINUS,trend,numeric,oscillator,candle,nearestZoneDist,no,,,,,,,
DI_MINUS,trend,numeric,oscillator,candle,nearestZoneAge,no,,,,,,,
VOLUME,volumeFlow,numeric,largeCount,candle,value,yes,,,,,,,
VOLUME,volumeFlow,numeric,largeCount,candle,trajectory,yes,,,,,,,
VOLUME,volumeFlow,numeric,largeCount,candle,distance,no,,,,,,,
VOLUME,volumeFlow,numeric,largeCount,candle,spread,yes,yes,,trajectory|aggregate|efficiency,,,,4
VOLUME,volumeFlow,numeric,largeCount,candle,aggregate,yes,,,,,,,
VOLUME,volumeFlow,numeric,largeCount,candle,efficiency,yes,,,,,,,
VOLUME,volumeFlow,numeric,largeCount,candle,bandTouch,no,,,,,,,
VOLUME,volumeFlow,numeric,largeCount,candle,classifyZone,no,,,,,,,
VOLUME,volumeFlow,numeric,largeCount,candle,maxShare,yes,,,,,,,
VOLUME,volumeFlow,numeric,largeCount,candle,rank,no,,,,,,,
VOLUME,volumeFlow,numeric,largeCount,candle,crossDetect,no,,,,,,,
VOLUME,volumeFlow,numeric,largeCount,candle,count,no,,,,,,,
VOLUME,volumeFlow,numeric,largeCount,candle,nearestZoneType,no,,,,,,,
VOLUME,volumeFlow,numeric,largeCount,candle,nearestZoneRange,no,,,,,,,
VOLUME,volumeFlow,numeric,largeCount,candle,nearestZoneDist,no,,,,,,,
VOLUME,volumeFlow,numeric,largeCount,candle,nearestZoneAge,no,,,,,,,
VOL_SMA20,volumeFlow,numeric,largeCount,candle,value,yes,,,,,,,
VOL_SMA20,volumeFlow,numeric,largeCount,candle,trajectory,yes,,,,,,,
VOL_SMA20,volumeFlow,numeric,largeCount,candle,distance,no,,,,,,,
VOL_SMA20,volumeFlow,numeric,largeCount,candle,spread,yes,yes,,trajectory|aggregate|efficiency,,,,4
VOL_SMA20,volumeFlow,numeric,largeCount,candle,aggregate,yes,,,,,,,
VOL_SMA20,volumeFlow,numeric,largeCount,candle,efficiency,yes,,,,,,,
VOL_SMA20,volumeFlow,numeric,largeCount,candle,bandTouch,no,,,,,,,
VOL_SMA20,volumeFlow,numeric,largeCount,candle,classifyZone,no,,,,,,,
VOL_SMA20,volumeFlow,numeric,largeCount,candle,maxShare,no,,,,,,,
VOL_SMA20,volumeFlow,numeric,largeCount,candle,rank,no,,,,,,,
VOL_SMA20,volumeFlow,numeric,largeCount,candle,crossDetect,no,,,,,,,
VOL_SMA20,volumeFlow,numeric,largeCount,candle,count,no,,,,,,,
VOL_SMA20,volumeFlow,numeric,largeCount,candle,nearestZoneType,no,,,,,,,
VOL_SMA20,volumeFlow,numeric,largeCount,candle,nearestZoneRange,no,,,,,,,
VOL_SMA20,volumeFlow,numeric,largeCount,candle,nearestZoneDist,no,,,,,,,
VOL_SMA20,volumeFlow,numeric,largeCount,candle,nearestZoneAge,no,,,,,,,
TRADES,volumeFlow,numeric,count,candle,value,yes,,,,,,,
TRADES,volumeFlow,numeric,count,candle,trajectory,yes,,,,,,,
TRADES,volumeFlow,numeric,count,candle,distance,no,,,,,,,
TRADES,volumeFlow,numeric,count,candle,spread,yes,yes,,trajectory|aggregate|efficiency,,,,5
TRADES,volumeFlow,numeric,count,candle,aggregate,yes,,,,,,,
TRADES,volumeFlow,numeric,count,candle,efficiency,yes,,,,,,,
TRADES,volumeFlow,numeric,count,candle,bandTouch,no,,,,,,,
TRADES,volumeFlow,numeric,count,candle,classifyZone,no,,,,,,,
TRADES,volumeFlow,numeric,count,candle,maxShare,yes,,,,,,,
TRADES,volumeFlow,numeric,count,candle,rank,yes,,,,,,hi|lo,
TRADES,volumeFlow,numeric,count,candle,crossDetect,no,,,,,,,
TRADES,volumeFlow,numeric,count,candle,count,no,,,,,,,
TRADES,volumeFlow,numeric,count,candle,nearestZoneType,no,,,,,,,
TRADES,volumeFlow,numeric,count,candle,nearestZoneRange,no,,,,,,,
TRADES,volumeFlow,numeric,count,candle,nearestZoneDist,no,,,,,,,
TRADES,volumeFlow,numeric,count,candle,nearestZoneAge,no,,,,,,,
BUY_VOLUME,volumeFlow,numeric,largeCount,candle,value,yes,,,,,,,
BUY_VOLUME,volumeFlow,numeric,largeCount,candle,trajectory,yes,,,,,,,
BUY_VOLUME,volumeFlow,numeric,largeCount,candle,distance,no,,,,,,,
BUY_VOLUME,volumeFlow,numeric,largeCount,candle,spread,yes,yes,,trajectory|aggregate|efficiency,,,,4
BUY_VOLUME,volumeFlow,numeric,largeCount,candle,aggregate,yes,,,,,,,
BUY_VOLUME,volumeFlow,numeric,largeCount,candle,efficiency,yes,,,,,,,
BUY_VOLUME,volumeFlow,numeric,largeCount,candle,bandTouch,no,,,,,,,
BUY_VOLUME,volumeFlow,numeric,largeCount,candle,classifyZone,no,,,,,,,
BUY_VOLUME,volumeFlow,numeric,largeCount,candle,maxShare,yes,,,,,,,
BUY_VOLUME,volumeFlow,numeric,largeCount,candle,rank,no,,,,,,,
BUY_VOLUME,volumeFlow,numeric,largeCount,candle,crossDetect,no,,,,,,,
BUY_VOLUME,volumeFlow,numeric,largeCount,candle,count,no,,,,,,,
BUY_VOLUME,volumeFlow,numeric,largeCount,candle,nearestZoneType,no,,,,,,,
BUY_VOLUME,volumeFlow,numeric,largeCount,candle,nearestZoneRange,no,,,,,,,
BUY_VOLUME,volumeFlow,numeric,largeCount,candle,nearestZoneDist,no,,,,,,,
BUY_VOLUME,volumeFlow,numeric,largeCount,candle,nearestZoneAge,no,,,,,,,
SELL_VOLUME,volumeFlow,numeric,largeCount,candle,value,yes,,,,,,,
SELL_VOLUME,volumeFlow,numeric,largeCount,candle,trajectory,yes,,,,,,,
SELL_VOLUME,volumeFlow,numeric,largeCount,candle,distance,no,,,,,,,
SELL_VOLUME,volumeFlow,numeric,largeCount,candle,spread,yes,yes,,trajectory|aggregate|efficiency,,,,4
SELL_VOLUME,volumeFlow,numeric,largeCount,candle,aggregate,yes,,,,,,,
SELL_VOLUME,volumeFlow,numeric,largeCount,candle,efficiency,yes,,,,,,,
SELL_VOLUME,volumeFlow,numeric,largeCount,candle,bandTouch,no,,,,,,,
SELL_VOLUME,volumeFlow,numeric,largeCount,candle,classifyZone,no,,,,,,,
SELL_VOLUME,volumeFlow,numeric,largeCount,candle,maxShare,yes,,,,,,,
SELL_VOLUME,volumeFlow,numeric,largeCount,candle,rank,no,,,,,,,
SELL_VOLUME,volumeFlow,numeric,largeCount,candle,crossDetect,no,,,,,,,
SELL_VOLUME,volumeFlow,numeric,largeCount,candle,count,no,,,,,,,
SELL_VOLUME,volumeFlow,numeric,largeCount,candle,nearestZoneType,no,,,,,,,
SELL_VOLUME,volumeFlow,numeric,largeCount,candle,nearestZoneRange,no,,,,,,,
SELL_VOLUME,volumeFlow,numeric,largeCount,candle,nearestZoneDist,no,,,,,,,
SELL_VOLUME,volumeFlow,numeric,largeCount,candle,nearestZoneAge,no,,,,,,,
NOTIONAL_VOLUME_1D,volumeFlow,numeric,usdLargeCount,timeless,value,yes,,,,,,,
NOTIONAL_VOLUME_1D,volumeFlow,numeric,usdLargeCount,timeless,trajectory,no,,,,,,,
NOTIONAL_VOLUME_1D,volumeFlow,numeric,usdLargeCount,timeless,distance,no,,,,,,,
NOTIONAL_VOLUME_1D,volumeFlow,numeric,usdLargeCount,timeless,spread,yes,yes,,,,,,1
NOTIONAL_VOLUME_1D,volumeFlow,numeric,usdLargeCount,timeless,aggregate,no,,,,,,,
NOTIONAL_VOLUME_1D,volumeFlow,numeric,usdLargeCount,timeless,efficiency,no,,,,,,,
NOTIONAL_VOLUME_1D,volumeFlow,numeric,usdLargeCount,timeless,bandTouch,no,,,,,,,
NOTIONAL_VOLUME_1D,volumeFlow,numeric,usdLargeCount,timeless,classifyZone,no,,,,,,,
NOTIONAL_VOLUME_1D,volumeFlow,numeric,usdLargeCount,timeless,maxShare,no,,,,,,,
NOTIONAL_VOLUME_1D,volumeFlow,numeric,usdLargeCount,timeless,rank,no,,,,,,,
NOTIONAL_VOLUME_1D,volumeFlow,numeric,usdLargeCount,timeless,crossDetect,no,,,,,,,
NOTIONAL_VOLUME_1D,volumeFlow,numeric,usdLargeCount,timeless,count,no,,,,,,,
NOTIONAL_VOLUME_1D,volumeFlow,numeric,usdLargeCount,timeless,nearestZoneType,no,,,,,,,
NOTIONAL_VOLUME_1D,volumeFlow,numeric,usdLargeCount,timeless,nearestZoneRange,no,,,,,,,
NOTIONAL_VOLUME_1D,volumeFlow,numeric,usdLargeCount,timeless,nearestZoneDist,no,,,,,,,
NOTIONAL_VOLUME_1D,volumeFlow,numeric,usdLargeCount,timeless,nearestZoneAge,no,,,,,,,
RVOL,volumeFlow,numeric,ratio,candle,value,yes,,,,,,,
RVOL,volumeFlow,numeric,ratio,candle,trajectory,yes,,,,,,,
RVOL,volumeFlow,numeric,ratio,candle,distance,no,,,,,,,
RVOL,volumeFlow,numeric,ratio,candle,spread,yes,yes,,trajectory|aggregate|efficiency,,,,2
RVOL,volumeFlow,numeric,ratio,candle,aggregate,yes,,,,,,,
RVOL,volumeFlow,numeric,ratio,candle,efficiency,yes,,,,,,,
RVOL,volumeFlow,numeric,ratio,candle,bandTouch,no,,,,,,,
RVOL,volumeFlow,numeric,ratio,candle,classifyZone,no,,,,,,,
RVOL,volumeFlow,numeric,ratio,candle,maxShare,no,,,,,,,
RVOL,volumeFlow,numeric,ratio,candle,rank,yes,,,,,,hi|lo|far|near,
RVOL,volumeFlow,numeric,ratio,candle,crossDetect,no,,,,,,,
RVOL,volumeFlow,numeric,ratio,candle,count,no,,,,,,,
RVOL,volumeFlow,numeric,ratio,candle,nearestZoneType,no,,,,,,,
RVOL,volumeFlow,numeric,ratio,candle,nearestZoneRange,no,,,,,,,
RVOL,volumeFlow,numeric,ratio,candle,nearestZoneDist,no,,,,,,,
RVOL,volumeFlow,numeric,ratio,candle,nearestZoneAge,no,,,,,,,
OBV,volumeFlow,numeric,largeCount,candle,value,yes,,,,,,,
OBV,volumeFlow,numeric,largeCount,candle,trajectory,yes,,,,,,,
OBV,volumeFlow,numeric,largeCount,candle,distance,no,,,,,,,
OBV,volumeFlow,numeric,largeCount,candle,spread,yes,yes,,trajectory|aggregate|efficiency,,,,4
OBV,volumeFlow,numeric,largeCount,candle,aggregate,yes,,,,,,,
OBV,volumeFlow,numeric,largeCount,candle,efficiency,yes,,,,,,,
OBV,volumeFlow,numeric,largeCount,candle,bandTouch,no,,,,,,,
OBV,volumeFlow,numeric,largeCount,candle,classifyZone,no,,,,,,,
OBV,volumeFlow,numeric,largeCount,candle,maxShare,no,,,,,,,
OBV,volumeFlow,numeric,largeCount,candle,rank,no,,,,,,,
OBV,volumeFlow,numeric,largeCount,candle,crossDetect,no,,,,,,,
OBV,volumeFlow,numeric,largeCount,candle,count,no,,,,,,,
OBV,volumeFlow,numeric,largeCount,candle,nearestZoneType,no,,,,,,,
OBV,volumeFlow,numeric,largeCount,candle,nearestZoneRange,no,,,,,,,
OBV,volumeFlow,numeric,largeCount,candle,nearestZoneDist,no,,,,,,,
OBV,volumeFlow,numeric,largeCount,candle,nearestZoneAge,no,,,,,,,
CVD,volumeFlow,numeric,signedPrice,candle,value,yes,,,,,,,
CVD,volumeFlow,numeric,signedPrice,candle,trajectory,yes,,,,,,,
CVD,volumeFlow,numeric,signedPrice,candle,distance,no,,,,,,,
CVD,volumeFlow,numeric,signedPrice,candle,spread,yes,yes,,trajectory|aggregate|efficiency,,,,4
CVD,volumeFlow,numeric,signedPrice,candle,aggregate,yes,,,,,,,
CVD,volumeFlow,numeric,signedPrice,candle,efficiency,yes,,,,,,,
CVD,volumeFlow,numeric,signedPrice,candle,bandTouch,no,,,,,,,
CVD,volumeFlow,numeric,signedPrice,candle,classifyZone,no,,,,,,,
CVD,volumeFlow,numeric,signedPrice,candle,maxShare,no,,,,,,,
CVD,volumeFlow,numeric,signedPrice,candle,rank,no,,,,,,,
CVD,volumeFlow,numeric,signedPrice,candle,crossDetect,no,,,,,,,
CVD,volumeFlow,numeric,signedPrice,candle,count,no,,,,,,,
CVD,volumeFlow,numeric,signedPrice,candle,nearestZoneType,no,,,,,,,
CVD,volumeFlow,numeric,signedPrice,candle,nearestZoneRange,no,,,,,,,
CVD,volumeFlow,numeric,signedPrice,candle,nearestZoneDist,no,,,,,,,
CVD,volumeFlow,numeric,signedPrice,candle,nearestZoneAge,no,,,,,,,
SPOT_CVD,volumeFlow,numeric,signedPrice,timeless,value,yes,,,,,,,
SPOT_CVD,volumeFlow,numeric,signedPrice,timeless,trajectory,yes,,,,,,,
SPOT_CVD,volumeFlow,numeric,signedPrice,timeless,distance,no,,,,,,,
SPOT_CVD,volumeFlow,numeric,signedPrice,timeless,spread,yes,yes,,,,,,4
SPOT_CVD,volumeFlow,numeric,signedPrice,timeless,aggregate,yes,,,,,,,
SPOT_CVD,volumeFlow,numeric,signedPrice,timeless,efficiency,yes,,,,,,,
SPOT_CVD,volumeFlow,numeric,signedPrice,timeless,bandTouch,no,,,,,,,
SPOT_CVD,volumeFlow,numeric,signedPrice,timeless,classifyZone,no,,,,,,,
SPOT_CVD,volumeFlow,numeric,signedPrice,timeless,maxShare,no,,,,,,,
SPOT_CVD,volumeFlow,numeric,signedPrice,timeless,rank,no,,,,,,,
SPOT_CVD,volumeFlow,numeric,signedPrice,timeless,crossDetect,no,,,,,,,
SPOT_CVD,volumeFlow,numeric,signedPrice,timeless,count,no,,,,,,,
SPOT_CVD,volumeFlow,numeric,signedPrice,timeless,nearestZoneType,no,,,,,,,
SPOT_CVD,volumeFlow,numeric,signedPrice,timeless,nearestZoneRange,no,,,,,,,
SPOT_CVD,volumeFlow,numeric,signedPrice,timeless,nearestZoneDist,no,,,,,,,
SPOT_CVD,volumeFlow,numeric,signedPrice,timeless,nearestZoneAge,no,,,,,,,
BUY_PRESSURE,volumeFlow,numeric,fraction,candle,value,yes,,,,,,,
BUY_PRESSURE,volumeFlow,numeric,fraction,candle,trajectory,yes,,,,,,,
BUY_PRESSURE,volumeFlow,numeric,fraction,candle,distance,no,,,,,,,
BUY_PRESSURE,volumeFlow,numeric,fraction,candle,spread,yes,yes,,trajectory|aggregate|efficiency,,,,2
BUY_PRESSURE,volumeFlow,numeric,fraction,candle,aggregate,yes,,,,,,,
BUY_PRESSURE,volumeFlow,numeric,fraction,candle,efficiency,yes,,,,,,,
BUY_PRESSURE,volumeFlow,numeric,fraction,candle,bandTouch,no,,,,,,,
BUY_PRESSURE,volumeFlow,numeric,fraction,candle,classifyZone,no,,,,,,,
BUY_PRESSURE,volumeFlow,numeric,fraction,candle,maxShare,yes,,,,,,,
BUY_PRESSURE,volumeFlow,numeric,fraction,candle,rank,yes,,,,,,hi|lo,
BUY_PRESSURE,volumeFlow,numeric,fraction,candle,crossDetect,no,,,,,,,
BUY_PRESSURE,volumeFlow,numeric,fraction,candle,count,no,,,,,,,
BUY_PRESSURE,volumeFlow,numeric,fraction,candle,nearestZoneType,no,,,,,,,
BUY_PRESSURE,volumeFlow,numeric,fraction,candle,nearestZoneRange,no,,,,,,,
BUY_PRESSURE,volumeFlow,numeric,fraction,candle,nearestZoneDist,no,,,,,,,
BUY_PRESSURE,volumeFlow,numeric,fraction,candle,nearestZoneAge,no,,,,,,,
BUY_TRADES,volumeFlow,numeric,count,candle,value,yes,,,,,,,
BUY_TRADES,volumeFlow,numeric,count,candle,trajectory,yes,,,,,,,
BUY_TRADES,volumeFlow,numeric,count,candle,distance,no,,,,,,,
BUY_TRADES,volumeFlow,numeric,count,candle,spread,yes,yes,,trajectory|aggregate|efficiency,,,,5
BUY_TRADES,volumeFlow,numeric,count,candle,aggregate,yes,,,,,,,
BUY_TRADES,volumeFlow,numeric,count,candle,efficiency,yes,,,,,,,
BUY_TRADES,volumeFlow,numeric,count,candle,bandTouch,no,,,,,,,
BUY_TRADES,volumeFlow,numeric,count,candle,classifyZone,no,,,,,,,
BUY_TRADES,volumeFlow,numeric,count,candle,maxShare,yes,,,,,,,
BUY_TRADES,volumeFlow,numeric,count,candle,rank,yes,,,,,,hi|lo,
BUY_TRADES,volumeFlow,numeric,count,candle,crossDetect,no,,,,,,,
BUY_TRADES,volumeFlow,numeric,count,candle,count,no,,,,,,,
BUY_TRADES,volumeFlow,numeric,count,candle,nearestZoneType,no,,,,,,,
BUY_TRADES,volumeFlow,numeric,count,candle,nearestZoneRange,no,,,,,,,
BUY_TRADES,volumeFlow,numeric,count,candle,nearestZoneDist,no,,,,,,,
BUY_TRADES,volumeFlow,numeric,count,candle,nearestZoneAge,no,,,,,,,
SELL_TRADES,volumeFlow,numeric,count,candle,value,yes,,,,,,,
SELL_TRADES,volumeFlow,numeric,count,candle,trajectory,yes,,,,,,,
SELL_TRADES,volumeFlow,numeric,count,candle,distance,no,,,,,,,
SELL_TRADES,volumeFlow,numeric,count,candle,spread,yes,yes,,trajectory|aggregate|efficiency,,,,5
SELL_TRADES,volumeFlow,numeric,count,candle,aggregate,yes,,,,,,,
SELL_TRADES,volumeFlow,numeric,count,candle,efficiency,yes,,,,,,,
SELL_TRADES,volumeFlow,numeric,count,candle,bandTouch,no,,,,,,,
SELL_TRADES,volumeFlow,numeric,count,candle,classifyZone,no,,,,,,,
SELL_TRADES,volumeFlow,numeric,count,candle,maxShare,yes,,,,,,,
SELL_TRADES,volumeFlow,numeric,count,candle,rank,yes,,,,,,hi|lo,
SELL_TRADES,volumeFlow,numeric,count,candle,crossDetect,no,,,,,,,
SELL_TRADES,volumeFlow,numeric,count,candle,count,no,,,,,,,
SELL_TRADES,volumeFlow,numeric,count,candle,nearestZoneType,no,,,,,,,
SELL_TRADES,volumeFlow,numeric,count,candle,nearestZoneRange,no,,,,,,,
SELL_TRADES,volumeFlow,numeric,count,candle,nearestZoneDist,no,,,,,,,
SELL_TRADES,volumeFlow,numeric,count,candle,nearestZoneAge,no,,,,,,,
FUNDING_RATE,derivatives,numeric,percent,timeless,value,yes,,,,,,,
FUNDING_RATE,derivatives,numeric,percent,timeless,trajectory,yes,,,,,,,
FUNDING_RATE,derivatives,numeric,percent,timeless,distance,no,,,,,,,
FUNDING_RATE,derivatives,numeric,percent,timeless,spread,yes,yes,,,,,,15
FUNDING_RATE,derivatives,numeric,percent,timeless,aggregate,yes,,,,,,,
FUNDING_RATE,derivatives,numeric,percent,timeless,efficiency,yes,,,,,,,
FUNDING_RATE,derivatives,numeric,percent,timeless,bandTouch,no,,,,,,,
FUNDING_RATE,derivatives,numeric,percent,timeless,classifyZone,no,,,,,,,
FUNDING_RATE,derivatives,numeric,percent,timeless,maxShare,no,,,,,,,
FUNDING_RATE,derivatives,numeric,percent,timeless,rank,yes,,,,,,hi|lo|far|near,
FUNDING_RATE,derivatives,numeric,percent,timeless,crossDetect,no,,,,,,,
FUNDING_RATE,derivatives,numeric,percent,timeless,count,no,,,,,,,
FUNDING_RATE,derivatives,numeric,percent,timeless,nearestZoneType,no,,,,,,,
FUNDING_RATE,derivatives,numeric,percent,timeless,nearestZoneRange,no,,,,,,,
FUNDING_RATE,derivatives,numeric,percent,timeless,nearestZoneDist,no,,,,,,,
FUNDING_RATE,derivatives,numeric,percent,timeless,nearestZoneAge,no,,,,,,,
FUNDING_ANN,derivatives,numeric,percent,timeless,value,yes,,,,,,,
FUNDING_ANN,derivatives,numeric,percent,timeless,trajectory,no,,,,,,,
FUNDING_ANN,derivatives,numeric,percent,timeless,distance,no,,,,,,,
FUNDING_ANN,derivatives,numeric,percent,timeless,spread,yes,yes,,,,,,15
FUNDING_ANN,derivatives,numeric,percent,timeless,aggregate,no,,,,,,,
FUNDING_ANN,derivatives,numeric,percent,timeless,efficiency,no,,,,,,,
FUNDING_ANN,derivatives,numeric,percent,timeless,bandTouch,no,,,,,,,
FUNDING_ANN,derivatives,numeric,percent,timeless,classifyZone,no,,,,,,,
FUNDING_ANN,derivatives,numeric,percent,timeless,maxShare,no,,,,,,,
FUNDING_ANN,derivatives,numeric,percent,timeless,rank,no,,,,,,,
FUNDING_ANN,derivatives,numeric,percent,timeless,crossDetect,no,,,,,,,
FUNDING_ANN,derivatives,numeric,percent,timeless,count,no,,,,,,,
FUNDING_ANN,derivatives,numeric,percent,timeless,nearestZoneType,no,,,,,,,
FUNDING_ANN,derivatives,numeric,percent,timeless,nearestZoneRange,no,,,,,,,
FUNDING_ANN,derivatives,numeric,percent,timeless,nearestZoneDist,no,,,,,,,
FUNDING_ANN,derivatives,numeric,percent,timeless,nearestZoneAge,no,,,,,,,
FUNDING_LABEL,derivatives,classification,,timeless,value,yes,,,,,,,
FUNDING_LABEL,derivatives,classification,,timeless,trajectory,no,,,,,,,
FUNDING_LABEL,derivatives,classification,,timeless,distance,no,,,,,,,
FUNDING_LABEL,derivatives,classification,,timeless,spread,no,,,,,,,
FUNDING_LABEL,derivatives,classification,,timeless,aggregate,no,,,,,,,
FUNDING_LABEL,derivatives,classification,,timeless,efficiency,no,,,,,,,
FUNDING_LABEL,derivatives,classification,,timeless,bandTouch,no,,,,,,,
FUNDING_LABEL,derivatives,classification,,timeless,classifyZone,no,,,,,,,
FUNDING_LABEL,derivatives,classification,,timeless,maxShare,no,,,,,,,
FUNDING_LABEL,derivatives,classification,,timeless,rank,no,,,,,,,
FUNDING_LABEL,derivatives,classification,,timeless,crossDetect,no,,,,,,,
FUNDING_LABEL,derivatives,classification,,timeless,count,no,,,,,,,
FUNDING_LABEL,derivatives,classification,,timeless,nearestZoneType,no,,,,,,,
FUNDING_LABEL,derivatives,classification,,timeless,nearestZoneRange,no,,,,,,,
FUNDING_LABEL,derivatives,classification,,timeless,nearestZoneDist,no,,,,,,,
FUNDING_LABEL,derivatives,classification,,timeless,nearestZoneAge,no,,,,,,,
OI,derivatives,numeric,usdLargeCount,timeless,value,yes,,,,,,,
OI,derivatives,numeric,usdLargeCount,timeless,trajectory,yes,,,,,,,
OI,derivatives,numeric,usdLargeCount,timeless,distance,no,,,,,,,
OI,derivatives,numeric,usdLargeCount,timeless,spread,yes,yes,,,,,,1
OI,derivatives,numeric,usdLargeCount,timeless,aggregate,yes,,,,,,,
OI,derivatives,numeric,usdLargeCount,timeless,efficiency,yes,,,,,,,
OI,derivatives,numeric,usdLargeCount,timeless,bandTouch,no,,,,,,,
OI,derivatives,numeric,usdLargeCount,timeless,classifyZone,no,,,,,,,
OI,derivatives,numeric,usdLargeCount,timeless,maxShare,no,,,,,,,
OI,derivatives,numeric,usdLargeCount,timeless,rank,yes,,,,,,hi|lo|far|near,
OI,derivatives,numeric,usdLargeCount,timeless,crossDetect,no,,,,,,,
OI,derivatives,numeric,usdLargeCount,timeless,count,no,,,,,,,
OI,derivatives,numeric,usdLargeCount,timeless,nearestZoneType,no,,,,,,,
OI,derivatives,numeric,usdLargeCount,timeless,nearestZoneRange,no,,,,,,,
OI,derivatives,numeric,usdLargeCount,timeless,nearestZoneDist,no,,,,,,,
OI,derivatives,numeric,usdLargeCount,timeless,nearestZoneAge,no,,,,,,,
OI_CHG,derivatives,numeric,percent,timeless,value,yes,,,,,,,
OI_CHG,derivatives,numeric,percent,timeless,trajectory,no,,,,,,,
OI_CHG,derivatives,numeric,percent,timeless,distance,no,,,,,,,
OI_CHG,derivatives,numeric,percent,timeless,spread,yes,yes,,,,,,15
OI_CHG,derivatives,numeric,percent,timeless,aggregate,no,,,,,,,
OI_CHG,derivatives,numeric,percent,timeless,efficiency,no,,,,,,,
OI_CHG,derivatives,numeric,percent,timeless,bandTouch,no,,,,,,,
OI_CHG,derivatives,numeric,percent,timeless,classifyZone,no,,,,,,,
OI_CHG,derivatives,numeric,percent,timeless,maxShare,no,,,,,,,
OI_CHG,derivatives,numeric,percent,timeless,rank,yes,,,,,,hi|lo|far|near,
OI_CHG,derivatives,numeric,percent,timeless,crossDetect,no,,,,,,,
OI_CHG,derivatives,numeric,percent,timeless,count,no,,,,,,,
OI_CHG,derivatives,numeric,percent,timeless,nearestZoneType,no,,,,,,,
OI_CHG,derivatives,numeric,percent,timeless,nearestZoneRange,no,,,,,,,
OI_CHG,derivatives,numeric,percent,timeless,nearestZoneDist,no,,,,,,,
OI_CHG,derivatives,numeric,percent,timeless,nearestZoneAge,no,,,,,,,
OI_VELOCITY,derivatives,classification,,timeless,value,yes,,,,,,,
OI_VELOCITY,derivatives,classification,,timeless,trajectory,no,,,,,,,
OI_VELOCITY,derivatives,classification,,timeless,distance,no,,,,,,,
OI_VELOCITY,derivatives,classification,,timeless,spread,no,,,,,,,
OI_VELOCITY,derivatives,classification,,timeless,aggregate,no,,,,,,,
OI_VELOCITY,derivatives,classification,,timeless,efficiency,no,,,,,,,
OI_VELOCITY,derivatives,classification,,timeless,bandTouch,no,,,,,,,
OI_VELOCITY,derivatives,classification,,timeless,classifyZone,no,,,,,,,
OI_VELOCITY,derivatives,classification,,timeless,maxShare,no,,,,,,,
OI_VELOCITY,derivatives,classification,,timeless,rank,no,,,,,,,
OI_VELOCITY,derivatives,classification,,timeless,crossDetect,no,,,,,,,
OI_VELOCITY,derivatives,classification,,timeless,count,no,,,,,,,
OI_VELOCITY,derivatives,classification,,timeless,nearestZoneType,no,,,,,,,
OI_VELOCITY,derivatives,classification,,timeless,nearestZoneRange,no,,,,,,,
OI_VELOCITY,derivatives,classification,,timeless,nearestZoneDist,no,,,,,,,
OI_VELOCITY,derivatives,classification,,timeless,nearestZoneAge,no,,,,,,,
OI_PX_REGIME,derivatives,classification,,timeless,value,yes,,,,,,,
OI_PX_REGIME,derivatives,classification,,timeless,trajectory,no,,,,,,,
OI_PX_REGIME,derivatives,classification,,timeless,distance,no,,,,,,,
OI_PX_REGIME,derivatives,classification,,timeless,spread,no,,,,,,,
OI_PX_REGIME,derivatives,classification,,timeless,aggregate,no,,,,,,,
OI_PX_REGIME,derivatives,classification,,timeless,efficiency,no,,,,,,,
OI_PX_REGIME,derivatives,classification,,timeless,bandTouch,no,,,,,,,
OI_PX_REGIME,derivatives,classification,,timeless,classifyZone,no,,,,,,,
OI_PX_REGIME,derivatives,classification,,timeless,maxShare,no,,,,,,,
OI_PX_REGIME,derivatives,classification,,timeless,rank,no,,,,,,,
OI_PX_REGIME,derivatives,classification,,timeless,crossDetect,no,,,,,,,
OI_PX_REGIME,derivatives,classification,,timeless,count,no,,,,,,,
OI_PX_REGIME,derivatives,classification,,timeless,nearestZoneType,no,,,,,,,
OI_PX_REGIME,derivatives,classification,,timeless,nearestZoneRange,no,,,,,,,
OI_PX_REGIME,derivatives,classification,,timeless,nearestZoneDist,no,,,,,,,
OI_PX_REGIME,derivatives,classification,,timeless,nearestZoneAge,no,,,,,,,
REGIME_TREND,regime,classification,,timeless,value,yes,,,,,,,
REGIME_TREND,regime,classification,,timeless,trajectory,yes,,,,,,,
REGIME_TREND,regime,classification,,timeless,distance,no,,,,,,,
REGIME_TREND,regime,classification,,timeless,spread,no,,,,,,,
REGIME_TREND,regime,classification,,timeless,aggregate,no,,,,,,,
REGIME_TREND,regime,classification,,timeless,efficiency,no,,,,,,,
REGIME_TREND,regime,classification,,timeless,bandTouch,no,,,,,,,
REGIME_TREND,regime,classification,,timeless,classifyZone,no,,,,,,,
REGIME_TREND,regime,classification,,timeless,maxShare,no,,,,,,,
REGIME_TREND,regime,classification,,timeless,rank,no,,,,,,,
REGIME_TREND,regime,classification,,timeless,crossDetect,no,,,,,,,
REGIME_TREND,regime,classification,,timeless,count,no,,,,,,,
REGIME_TREND,regime,classification,,timeless,nearestZoneType,no,,,,,,,
REGIME_TREND,regime,classification,,timeless,nearestZoneRange,no,,,,,,,
REGIME_TREND,regime,classification,,timeless,nearestZoneDist,no,,,,,,,
REGIME_TREND,regime,classification,,timeless,nearestZoneAge,no,,,,,,,
REGIME_VOL,regime,classification,,timeless,value,yes,,,,,,,
REGIME_VOL,regime,classification,,timeless,trajectory,yes,,,,,,,
REGIME_VOL,regime,classification,,timeless,distance,no,,,,,,,
REGIME_VOL,regime,classification,,timeless,spread,no,,,,,,,
REGIME_VOL,regime,classification,,timeless,aggregate,no,,,,,,,
REGIME_VOL,regime,classification,,timeless,efficiency,no,,,,,,,
REGIME_VOL,regime,classification,,timeless,bandTouch,no,,,,,,,
REGIME_VOL,regime,classification,,timeless,classifyZone,no,,,,,,,
REGIME_VOL,regime,classification,,timeless,maxShare,no,,,,,,,
REGIME_VOL,regime,classification,,timeless,rank,no,,,,,,,
REGIME_VOL,regime,classification,,timeless,crossDetect,no,,,,,,,
REGIME_VOL,regime,classification,,timeless,count,no,,,,,,,
REGIME_VOL,regime,classification,,timeless,nearestZoneType,no,,,,,,,
REGIME_VOL,regime,classification,,timeless,nearestZoneRange,no,,,,,,,
REGIME_VOL,regime,classification,,timeless,nearestZoneDist,no,,,,,,,
REGIME_VOL,regime,classification,,timeless,nearestZoneAge,no,,,,,,,
REGIME_MOM,regime,classification,,timeless,value,yes,,,,,,,
REGIME_MOM,regime,classification,,timeless,trajectory,yes,,,,,,,
REGIME_MOM,regime,classification,,timeless,distance,no,,,,,,,
REGIME_MOM,regime,classification,,timeless,spread,no,,,,,,,
REGIME_MOM,regime,classification,,timeless,aggregate,no,,,,,,,
REGIME_MOM,regime,classification,,timeless,efficiency,no,,,,,,,
REGIME_MOM,regime,classification,,timeless,bandTouch,no,,,,,,,
REGIME_MOM,regime,classification,,timeless,classifyZone,no,,,,,,,
REGIME_MOM,regime,classification,,timeless,maxShare,no,,,,,,,
REGIME_MOM,regime,classification,,timeless,rank,no,,,,,,,
REGIME_MOM,regime,classification,,timeless,crossDetect,no,,,,,,,
REGIME_MOM,regime,classification,,timeless,count,no,,,,,,,
REGIME_MOM,regime,classification,,timeless,nearestZoneType,no,,,,,,,
REGIME_MOM,regime,classification,,timeless,nearestZoneRange,no,,,,,,,
REGIME_MOM,regime,classification,,timeless,nearestZoneDist,no,,,,,,,
REGIME_MOM,regime,classification,,timeless,nearestZoneAge,no,,,,,,,
REGIME_STATE,regime,classification,,timeless,value,yes,,,,,,,
REGIME_STATE,regime,classification,,timeless,trajectory,no,,,,,,,
REGIME_STATE,regime,classification,,timeless,distance,no,,,,,,,
REGIME_STATE,regime,classification,,timeless,spread,no,,,,,,,
REGIME_STATE,regime,classification,,timeless,aggregate,no,,,,,,,
REGIME_STATE,regime,classification,,timeless,efficiency,no,,,,,,,
REGIME_STATE,regime,classification,,timeless,bandTouch,no,,,,,,,
REGIME_STATE,regime,classification,,timeless,classifyZone,no,,,,,,,
REGIME_STATE,regime,classification,,timeless,maxShare,no,,,,,,,
REGIME_STATE,regime,classification,,timeless,rank,no,,,,,,,
REGIME_STATE,regime,classification,,timeless,crossDetect,no,,,,,,,
REGIME_STATE,regime,classification,,timeless,count,no,,,,,,,
REGIME_STATE,regime,classification,,timeless,nearestZoneType,no,,,,,,,
REGIME_STATE,regime,classification,,timeless,nearestZoneRange,no,,,,,,,
REGIME_STATE,regime,classification,,timeless,nearestZoneDist,no,,,,,,,
REGIME_STATE,regime,classification,,timeless,nearestZoneAge,no,,,,,,,
REGIME_CONVICTION,regime,classification,,timeless,value,yes,,,,,,,
REGIME_CONVICTION,regime,classification,,timeless,trajectory,no,,,,,,,
REGIME_CONVICTION,regime,classification,,timeless,distance,no,,,,,,,
REGIME_CONVICTION,regime,classification,,timeless,spread,no,,,,,,,
REGIME_CONVICTION,regime,classification,,timeless,aggregate,no,,,,,,,
REGIME_CONVICTION,regime,classification,,timeless,efficiency,no,,,,,,,
REGIME_CONVICTION,regime,classification,,timeless,bandTouch,no,,,,,,,
REGIME_CONVICTION,regime,classification,,timeless,classifyZone,no,,,,,,,
REGIME_CONVICTION,regime,classification,,timeless,maxShare,no,,,,,,,
REGIME_CONVICTION,regime,classification,,timeless,rank,no,,,,,,,
REGIME_CONVICTION,regime,classification,,timeless,crossDetect,no,,,,,,,
REGIME_CONVICTION,regime,classification,,timeless,count,no,,,,,,,
REGIME_CONVICTION,regime,classification,,timeless,nearestZoneType,no,,,,,,,
REGIME_CONVICTION,regime,classification,,timeless,nearestZoneRange,no,,,,,,,
REGIME_CONVICTION,regime,classification,,timeless,nearestZoneDist,no,,,,,,,
REGIME_CONVICTION,regime,classification,,timeless,nearestZoneAge,no,,,,,,,
REGIME_RUN_BARS,regime,numeric,count,timeless,value,yes,,,,,,,
REGIME_RUN_BARS,regime,numeric,count,timeless,trajectory,no,,,,,,,
REGIME_RUN_BARS,regime,numeric,count,timeless,distance,no,,,,,,,
REGIME_RUN_BARS,regime,numeric,count,timeless,spread,yes,yes,,,,,,5
REGIME_RUN_BARS,regime,numeric,count,timeless,aggregate,no,,,,,,,
REGIME_RUN_BARS,regime,numeric,count,timeless,efficiency,no,,,,,,,
REGIME_RUN_BARS,regime,numeric,count,timeless,bandTouch,no,,,,,,,
REGIME_RUN_BARS,regime,numeric,count,timeless,classifyZone,no,,,,,,,
REGIME_RUN_BARS,regime,numeric,count,timeless,maxShare,no,,,,,,,
REGIME_RUN_BARS,regime,numeric,count,timeless,rank,no,,,,,,,
REGIME_RUN_BARS,regime,numeric,count,timeless,crossDetect,no,,,,,,,
REGIME_RUN_BARS,regime,numeric,count,timeless,count,no,,,,,,,
REGIME_RUN_BARS,regime,numeric,count,timeless,nearestZoneType,no,,,,,,,
REGIME_RUN_BARS,regime,numeric,count,timeless,nearestZoneRange,no,,,,,,,
REGIME_RUN_BARS,regime,numeric,count,timeless,nearestZoneDist,no,,,,,,,
REGIME_RUN_BARS,regime,numeric,count,timeless,nearestZoneAge,no,,,,,,,
REGIME_TREND_GATE,regime,classification,,timeless,value,yes,,,,,,,
REGIME_TREND_GATE,regime,classification,,timeless,trajectory,no,,,,,,,
REGIME_TREND_GATE,regime,classification,,timeless,distance,no,,,,,,,
REGIME_TREND_GATE,regime,classification,,timeless,spread,no,,,,,,,
REGIME_TREND_GATE,regime,classification,,timeless,aggregate,no,,,,,,,
REGIME_TREND_GATE,regime,classification,,timeless,efficiency,no,,,,,,,
REGIME_TREND_GATE,regime,classification,,timeless,bandTouch,no,,,,,,,
REGIME_TREND_GATE,regime,classification,,timeless,classifyZone,no,,,,,,,
REGIME_TREND_GATE,regime,classification,,timeless,maxShare,no,,,,,,,
REGIME_TREND_GATE,regime,classification,,timeless,rank,no,,,,,,,
REGIME_TREND_GATE,regime,classification,,timeless,crossDetect,no,,,,,,,
REGIME_TREND_GATE,regime,classification,,timeless,count,no,,,,,,,
REGIME_TREND_GATE,regime,classification,,timeless,nearestZoneType,no,,,,,,,
REGIME_TREND_GATE,regime,classification,,timeless,nearestZoneRange,no,,,,,,,
REGIME_TREND_GATE,regime,classification,,timeless,nearestZoneDist,no,,,,,,,
REGIME_TREND_GATE,regime,classification,,timeless,nearestZoneAge,no,,,,,,,
REGIME_TREND_MARGIN,regime,numeric,oscillator,timeless,value,yes,,,,,,,
REGIME_TREND_MARGIN,regime,numeric,oscillator,timeless,trajectory,no,,,,,,,
REGIME_TREND_MARGIN,regime,numeric,oscillator,timeless,distance,no,,,,,,,
REGIME_TREND_MARGIN,regime,numeric,oscillator,timeless,spread,yes,yes,,,,,,16
REGIME_TREND_MARGIN,regime,numeric,oscillator,timeless,aggregate,no,,,,,,,
REGIME_TREND_MARGIN,regime,numeric,oscillator,timeless,efficiency,no,,,,,,,
REGIME_TREND_MARGIN,regime,numeric,oscillator,timeless,bandTouch,no,,,,,,,
REGIME_TREND_MARGIN,regime,numeric,oscillator,timeless,classifyZone,no,,,,,,,
REGIME_TREND_MARGIN,regime,numeric,oscillator,timeless,maxShare,no,,,,,,,
REGIME_TREND_MARGIN,regime,numeric,oscillator,timeless,rank,no,,,,,,,
REGIME_TREND_MARGIN,regime,numeric,oscillator,timeless,crossDetect,no,,,,,,,
REGIME_TREND_MARGIN,regime,numeric,oscillator,timeless,count,no,,,,,,,
REGIME_TREND_MARGIN,regime,numeric,oscillator,timeless,nearestZoneType,no,,,,,,,
REGIME_TREND_MARGIN,regime,numeric,oscillator,timeless,nearestZoneRange,no,,,,,,,
REGIME_TREND_MARGIN,regime,numeric,oscillator,timeless,nearestZoneDist,no,,,,,,,
REGIME_TREND_MARGIN,regime,numeric,oscillator,timeless,nearestZoneAge,no,,,,,,,
REGIME_TREND_SOURCE,regime,classification,,timeless,value,yes,,,,,,,
REGIME_TREND_SOURCE,regime,classification,,timeless,trajectory,no,,,,,,,
REGIME_TREND_SOURCE,regime,classification,,timeless,distance,no,,,,,,,
REGIME_TREND_SOURCE,regime,classification,,timeless,spread,no,,,,,,,
REGIME_TREND_SOURCE,regime,classification,,timeless,aggregate,no,,,,,,,
REGIME_TREND_SOURCE,regime,classification,,timeless,efficiency,no,,,,,,,
REGIME_TREND_SOURCE,regime,classification,,timeless,bandTouch,no,,,,,,,
REGIME_TREND_SOURCE,regime,classification,,timeless,classifyZone,no,,,,,,,
REGIME_TREND_SOURCE,regime,classification,,timeless,maxShare,no,,,,,,,
REGIME_TREND_SOURCE,regime,classification,,timeless,rank,no,,,,,,,
REGIME_TREND_SOURCE,regime,classification,,timeless,crossDetect,no,,,,,,,
REGIME_TREND_SOURCE,regime,classification,,timeless,count,no,,,,,,,
REGIME_TREND_SOURCE,regime,classification,,timeless,nearestZoneType,no,,,,,,,
REGIME_TREND_SOURCE,regime,classification,,timeless,nearestZoneRange,no,,,,,,,
REGIME_TREND_SOURCE,regime,classification,,timeless,nearestZoneDist,no,,,,,,,
REGIME_TREND_SOURCE,regime,classification,,timeless,nearestZoneAge,no,,,,,,,
REGIME_DI_SPREAD,regime,numeric,oscillator,timeless,value,yes,,,,,,,
REGIME_DI_SPREAD,regime,numeric,oscillator,timeless,trajectory,no,,,,,,,
REGIME_DI_SPREAD,regime,numeric,oscillator,timeless,distance,no,,,,,,,
REGIME_DI_SPREAD,regime,numeric,oscillator,timeless,spread,yes,yes,,,,,,16
REGIME_DI_SPREAD,regime,numeric,oscillator,timeless,aggregate,no,,,,,,,
REGIME_DI_SPREAD,regime,numeric,oscillator,timeless,efficiency,no,,,,,,,
REGIME_DI_SPREAD,regime,numeric,oscillator,timeless,bandTouch,no,,,,,,,
REGIME_DI_SPREAD,regime,numeric,oscillator,timeless,classifyZone,no,,,,,,,
REGIME_DI_SPREAD,regime,numeric,oscillator,timeless,maxShare,no,,,,,,,
REGIME_DI_SPREAD,regime,numeric,oscillator,timeless,rank,no,,,,,,,
REGIME_DI_SPREAD,regime,numeric,oscillator,timeless,crossDetect,no,,,,,,,
REGIME_DI_SPREAD,regime,numeric,oscillator,timeless,count,no,,,,,,,
REGIME_DI_SPREAD,regime,numeric,oscillator,timeless,nearestZoneType,no,,,,,,,
REGIME_DI_SPREAD,regime,numeric,oscillator,timeless,nearestZoneRange,no,,,,,,,
REGIME_DI_SPREAD,regime,numeric,oscillator,timeless,nearestZoneDist,no,,,,,,,
REGIME_DI_SPREAD,regime,numeric,oscillator,timeless,nearestZoneAge,no,,,,,,,
REGIME_VOL_ATR_RATIO,regime,numeric,ratio,timeless,value,yes,,,,,,,
REGIME_VOL_ATR_RATIO,regime,numeric,ratio,timeless,trajectory,no,,,,,,,
REGIME_VOL_ATR_RATIO,regime,numeric,ratio,timeless,distance,no,,,,,,,
REGIME_VOL_ATR_RATIO,regime,numeric,ratio,timeless,spread,yes,yes,,,,,,2
REGIME_VOL_ATR_RATIO,regime,numeric,ratio,timeless,aggregate,no,,,,,,,
REGIME_VOL_ATR_RATIO,regime,numeric,ratio,timeless,efficiency,no,,,,,,,
REGIME_VOL_ATR_RATIO,regime,numeric,ratio,timeless,bandTouch,no,,,,,,,
REGIME_VOL_ATR_RATIO,regime,numeric,ratio,timeless,classifyZone,no,,,,,,,
REGIME_VOL_ATR_RATIO,regime,numeric,ratio,timeless,maxShare,no,,,,,,,
REGIME_VOL_ATR_RATIO,regime,numeric,ratio,timeless,rank,no,,,,,,,
REGIME_VOL_ATR_RATIO,regime,numeric,ratio,timeless,crossDetect,no,,,,,,,
REGIME_VOL_ATR_RATIO,regime,numeric,ratio,timeless,count,no,,,,,,,
REGIME_VOL_ATR_RATIO,regime,numeric,ratio,timeless,nearestZoneType,no,,,,,,,
REGIME_VOL_ATR_RATIO,regime,numeric,ratio,timeless,nearestZoneRange,no,,,,,,,
REGIME_VOL_ATR_RATIO,regime,numeric,ratio,timeless,nearestZoneDist,no,,,,,,,
REGIME_VOL_ATR_RATIO,regime,numeric,ratio,timeless,nearestZoneAge,no,,,,,,,
REGIME_VOL_BBW_RATIO,regime,numeric,ratio,timeless,value,yes,,,,,,,
REGIME_VOL_BBW_RATIO,regime,numeric,ratio,timeless,trajectory,no,,,,,,,
REGIME_VOL_BBW_RATIO,regime,numeric,ratio,timeless,distance,no,,,,,,,
REGIME_VOL_BBW_RATIO,regime,numeric,ratio,timeless,spread,yes,yes,,,,,,2
REGIME_VOL_BBW_RATIO,regime,numeric,ratio,timeless,aggregate,no,,,,,,,
REGIME_VOL_BBW_RATIO,regime,numeric,ratio,timeless,efficiency,no,,,,,,,
REGIME_VOL_BBW_RATIO,regime,numeric,ratio,timeless,bandTouch,no,,,,,,,
REGIME_VOL_BBW_RATIO,regime,numeric,ratio,timeless,classifyZone,no,,,,,,,
REGIME_VOL_BBW_RATIO,regime,numeric,ratio,timeless,maxShare,no,,,,,,,
REGIME_VOL_BBW_RATIO,regime,numeric,ratio,timeless,rank,no,,,,,,,
REGIME_VOL_BBW_RATIO,regime,numeric,ratio,timeless,crossDetect,no,,,,,,,
REGIME_VOL_BBW_RATIO,regime,numeric,ratio,timeless,count,no,,,,,,,
REGIME_VOL_BBW_RATIO,regime,numeric,ratio,timeless,nearestZoneType,no,,,,,,,
REGIME_VOL_BBW_RATIO,regime,numeric,ratio,timeless,nearestZoneRange,no,,,,,,,
REGIME_VOL_BBW_RATIO,regime,numeric,ratio,timeless,nearestZoneDist,no,,,,,,,
REGIME_VOL_BBW_RATIO,regime,numeric,ratio,timeless,nearestZoneAge,no,,,,,,,
REGIME_MOM_BULL_VOTES,regime,numeric,count,timeless,value,yes,,,,,,,
REGIME_MOM_BULL_VOTES,regime,numeric,count,timeless,trajectory,no,,,,,,,
REGIME_MOM_BULL_VOTES,regime,numeric,count,timeless,distance,no,,,,,,,
REGIME_MOM_BULL_VOTES,regime,numeric,count,timeless,spread,yes,yes,,,,,,5
REGIME_MOM_BULL_VOTES,regime,numeric,count,timeless,aggregate,no,,,,,,,
REGIME_MOM_BULL_VOTES,regime,numeric,count,timeless,efficiency,no,,,,,,,
REGIME_MOM_BULL_VOTES,regime,numeric,count,timeless,bandTouch,no,,,,,,,
REGIME_MOM_BULL_VOTES,regime,numeric,count,timeless,classifyZone,no,,,,,,,
REGIME_MOM_BULL_VOTES,regime,numeric,count,timeless,maxShare,no,,,,,,,
REGIME_MOM_BULL_VOTES,regime,numeric,count,timeless,rank,no,,,,,,,
REGIME_MOM_BULL_VOTES,regime,numeric,count,timeless,crossDetect,no,,,,,,,
REGIME_MOM_BULL_VOTES,regime,numeric,count,timeless,count,no,,,,,,,
REGIME_MOM_BULL_VOTES,regime,numeric,count,timeless,nearestZoneType,no,,,,,,,
REGIME_MOM_BULL_VOTES,regime,numeric,count,timeless,nearestZoneRange,no,,,,,,,
REGIME_MOM_BULL_VOTES,regime,numeric,count,timeless,nearestZoneDist,no,,,,,,,
REGIME_MOM_BULL_VOTES,regime,numeric,count,timeless,nearestZoneAge,no,,,,,,,
REGIME_MOM_BEAR_VOTES,regime,numeric,count,timeless,value,yes,,,,,,,
REGIME_MOM_BEAR_VOTES,regime,numeric,count,timeless,trajectory,no,,,,,,,
REGIME_MOM_BEAR_VOTES,regime,numeric,count,timeless,distance,no,,,,,,,
REGIME_MOM_BEAR_VOTES,regime,numeric,count,timeless,spread,yes,yes,,,,,,5
REGIME_MOM_BEAR_VOTES,regime,numeric,count,timeless,aggregate,no,,,,,,,
REGIME_MOM_BEAR_VOTES,regime,numeric,count,timeless,efficiency,no,,,,,,,
REGIME_MOM_BEAR_VOTES,regime,numeric,count,timeless,bandTouch,no,,,,,,,
REGIME_MOM_BEAR_VOTES,regime,numeric,count,timeless,classifyZone,no,,,,,,,
REGIME_MOM_BEAR_VOTES,regime,numeric,count,timeless,maxShare,no,,,,,,,
REGIME_MOM_BEAR_VOTES,regime,numeric,count,timeless,rank,no,,,,,,,
REGIME_MOM_BEAR_VOTES,regime,numeric,count,timeless,crossDetect,no,,,,,,,
REGIME_MOM_BEAR_VOTES,regime,numeric,count,timeless,count,no,,,,,,,
REGIME_MOM_BEAR_VOTES,regime,numeric,count,timeless,nearestZoneType,no,,,,,,,
REGIME_MOM_BEAR_VOTES,regime,numeric,count,timeless,nearestZoneRange,no,,,,,,,
REGIME_MOM_BEAR_VOTES,regime,numeric,count,timeless,nearestZoneDist,no,,,,,,,
REGIME_MOM_BEAR_VOTES,regime,numeric,count,timeless,nearestZoneAge,no,,,,,,,
REGIME_CRASH_MARGIN,regime,numeric,percent,timeless,value,yes,,,,,,,
REGIME_CRASH_MARGIN,regime,numeric,percent,timeless,trajectory,no,,,,,,,
REGIME_CRASH_MARGIN,regime,numeric,percent,timeless,distance,no,,,,,,,
REGIME_CRASH_MARGIN,regime,numeric,percent,timeless,spread,yes,yes,,,,,,15
REGIME_CRASH_MARGIN,regime,numeric,percent,timeless,aggregate,no,,,,,,,
REGIME_CRASH_MARGIN,regime,numeric,percent,timeless,efficiency,no,,,,,,,
REGIME_CRASH_MARGIN,regime,numeric,percent,timeless,bandTouch,no,,,,,,,
REGIME_CRASH_MARGIN,regime,numeric,percent,timeless,classifyZone,no,,,,,,,
REGIME_CRASH_MARGIN,regime,numeric,percent,timeless,maxShare,no,,,,,,,
REGIME_CRASH_MARGIN,regime,numeric,percent,timeless,rank,no,,,,,,,
REGIME_CRASH_MARGIN,regime,numeric,percent,timeless,crossDetect,no,,,,,,,
REGIME_CRASH_MARGIN,regime,numeric,percent,timeless,count,no,,,,,,,
REGIME_CRASH_MARGIN,regime,numeric,percent,timeless,nearestZoneType,no,,,,,,,
REGIME_CRASH_MARGIN,regime,numeric,percent,timeless,nearestZoneRange,no,,,,,,,
REGIME_CRASH_MARGIN,regime,numeric,percent,timeless,nearestZoneDist,no,,,,,,,
REGIME_CRASH_MARGIN,regime,numeric,percent,timeless,nearestZoneAge,no,,,,,,,
REGIME_CRASH_LATCH,regime,classification,,timeless,value,yes,,,,,,,
REGIME_CRASH_LATCH,regime,classification,,timeless,trajectory,no,,,,,,,
REGIME_CRASH_LATCH,regime,classification,,timeless,distance,no,,,,,,,
REGIME_CRASH_LATCH,regime,classification,,timeless,spread,no,,,,,,,
REGIME_CRASH_LATCH,regime,classification,,timeless,aggregate,no,,,,,,,
REGIME_CRASH_LATCH,regime,classification,,timeless,efficiency,no,,,,,,,
REGIME_CRASH_LATCH,regime,classification,,timeless,bandTouch,no,,,,,,,
REGIME_CRASH_LATCH,regime,classification,,timeless,classifyZone,no,,,,,,,
REGIME_CRASH_LATCH,regime,classification,,timeless,maxShare,no,,,,,,,
REGIME_CRASH_LATCH,regime,classification,,timeless,rank,no,,,,,,,
REGIME_CRASH_LATCH,regime,classification,,timeless,crossDetect,no,,,,,,,
REGIME_CRASH_LATCH,regime,classification,,timeless,count,no,,,,,,,
REGIME_CRASH_LATCH,regime,classification,,timeless,nearestZoneType,no,,,,,,,
REGIME_CRASH_LATCH,regime,classification,,timeless,nearestZoneRange,no,,,,,,,
REGIME_CRASH_LATCH,regime,classification,,timeless,nearestZoneDist,no,,,,,,,
REGIME_CRASH_LATCH,regime,classification,,timeless,nearestZoneAge,no,,,,,,,
CROWD_PICK,crowd,numeric,percent,timeless,value,yes,,,,,,,
CROWD_PICK,crowd,numeric,percent,timeless,trajectory,no,,,,,,,
CROWD_PICK,crowd,numeric,percent,timeless,distance,no,,,,,,,
CROWD_PICK,crowd,numeric,percent,timeless,spread,no,,,,,,,
CROWD_PICK,crowd,numeric,percent,timeless,aggregate,no,,,,,,,
CROWD_PICK,crowd,numeric,percent,timeless,efficiency,no,,,,,,,
CROWD_PICK,crowd,numeric,percent,timeless,bandTouch,no,,,,,,,
CROWD_PICK,crowd,numeric,percent,timeless,classifyZone,no,,,,,,,
CROWD_PICK,crowd,numeric,percent,timeless,maxShare,no,,,,,,,
CROWD_PICK,crowd,numeric,percent,timeless,rank,yes,,,,,,hi|lo,
CROWD_PICK,crowd,numeric,percent,timeless,crossDetect,no,,,,,,,
CROWD_PICK,crowd,numeric,percent,timeless,count,no,,,,,,,
CROWD_PICK,crowd,numeric,percent,timeless,nearestZoneType,no,,,,,,,
CROWD_PICK,crowd,numeric,percent,timeless,nearestZoneRange,no,,,,,,,
CROWD_PICK,crowd,numeric,percent,timeless,nearestZoneDist,no,,,,,,,
CROWD_PICK,crowd,numeric,percent,timeless,nearestZoneAge,no,,,,,,,
CROWD_UPBIAS,crowd,numeric,percent,timeless,value,yes,,,,,,,
CROWD_UPBIAS,crowd,numeric,percent,timeless,trajectory,no,,,,,,,
CROWD_UPBIAS,crowd,numeric,percent,timeless,distance,no,,,,,,,
CROWD_UPBIAS,crowd,numeric,percent,timeless,spread,no,,,,,,,
CROWD_UPBIAS,crowd,numeric,percent,timeless,aggregate,no,,,,,,,
CROWD_UPBIAS,crowd,numeric,percent,timeless,efficiency,no,,,,,,,
CROWD_UPBIAS,crowd,numeric,percent,timeless,bandTouch,no,,,,,,,
CROWD_UPBIAS,crowd,numeric,percent,timeless,classifyZone,no,,,,,,,
CROWD_UPBIAS,crowd,numeric,percent,timeless,maxShare,no,,,,,,,
CROWD_UPBIAS,crowd,numeric,percent,timeless,rank,yes,,,,,,hi|lo,
CROWD_UPBIAS,crowd,numeric,percent,timeless,crossDetect,no,,,,,,,
CROWD_UPBIAS,crowd,numeric,percent,timeless,count,no,,,,,,,
CROWD_UPBIAS,crowd,numeric,percent,timeless,nearestZoneType,no,,,,,,,
CROWD_UPBIAS,crowd,numeric,percent,timeless,nearestZoneRange,no,,,,,,,
CROWD_UPBIAS,crowd,numeric,percent,timeless,nearestZoneDist,no,,,,,,,
CROWD_UPBIAS,crowd,numeric,percent,timeless,nearestZoneAge,no,,,,,,,
CROWD_ACC,crowd,numeric,percent,timeless,value,yes,,,,,,,
CROWD_ACC,crowd,numeric,percent,timeless,trajectory,no,,,,,,,
CROWD_ACC,crowd,numeric,percent,timeless,distance,no,,,,,,,
CROWD_ACC,crowd,numeric,percent,timeless,spread,no,,,,,,,
CROWD_ACC,crowd,numeric,percent,timeless,aggregate,no,,,,,,,
CROWD_ACC,crowd,numeric,percent,timeless,efficiency,no,,,,,,,
CROWD_ACC,crowd,numeric,percent,timeless,bandTouch,no,,,,,,,
CROWD_ACC,crowd,numeric,percent,timeless,classifyZone,no,,,,,,,
CROWD_ACC,crowd,numeric,percent,timeless,maxShare,no,,,,,,,
CROWD_ACC,crowd,numeric,percent,timeless,rank,yes,,,,,,hi|lo,
CROWD_ACC,crowd,numeric,percent,timeless,crossDetect,no,,,,,,,
CROWD_ACC,crowd,numeric,percent,timeless,count,no,,,,,,,
CROWD_ACC,crowd,numeric,percent,timeless,nearestZoneType,no,,,,,,,
CROWD_ACC,crowd,numeric,percent,timeless,nearestZoneRange,no,,,,,,,
CROWD_ACC,crowd,numeric,percent,timeless,nearestZoneDist,no,,,,,,,
CROWD_ACC,crowd,numeric,percent,timeless,nearestZoneAge,no,,,,,,,
CROWD_CAPT,crowd,numeric,percent,timeless,value,yes,,,,,,,
CROWD_CAPT,crowd,numeric,percent,timeless,trajectory,no,,,,,,,
CROWD_CAPT,crowd,numeric,percent,timeless,distance,no,,,,,,,
CROWD_CAPT,crowd,numeric,percent,timeless,spread,no,,,,,,,
CROWD_CAPT,crowd,numeric,percent,timeless,aggregate,no,,,,,,,
CROWD_CAPT,crowd,numeric,percent,timeless,efficiency,no,,,,,,,
CROWD_CAPT,crowd,numeric,percent,timeless,bandTouch,no,,,,,,,
CROWD_CAPT,crowd,numeric,percent,timeless,classifyZone,no,,,,,,,
CROWD_CAPT,crowd,numeric,percent,timeless,maxShare,no,,,,,,,
CROWD_CAPT,crowd,numeric,percent,timeless,rank,yes,,,,,,hi|lo,
CROWD_CAPT,crowd,numeric,percent,timeless,crossDetect,no,,,,,,,
CROWD_CAPT,crowd,numeric,percent,timeless,count,no,,,,,,,
CROWD_CAPT,crowd,numeric,percent,timeless,nearestZoneType,no,,,,,,,
CROWD_CAPT,crowd,numeric,percent,timeless,nearestZoneRange,no,,,,,,,
CROWD_CAPT,crowd,numeric,percent,timeless,nearestZoneDist,no,,,,,,,
CROWD_CAPT,crowd,numeric,percent,timeless,nearestZoneAge,no,,,,,,,
CROWD_PICK_LIVE,crowd,numeric,percent,timeless,value,yes,,,,,,,
CROWD_PICK_LIVE,crowd,numeric,percent,timeless,trajectory,no,,,,,,,
CROWD_PICK_LIVE,crowd,numeric,percent,timeless,distance,no,,,,,,,
CROWD_PICK_LIVE,crowd,numeric,percent,timeless,spread,no,,,,,,,
CROWD_PICK_LIVE,crowd,numeric,percent,timeless,aggregate,no,,,,,,,
CROWD_PICK_LIVE,crowd,numeric,percent,timeless,efficiency,no,,,,,,,
CROWD_PICK_LIVE,crowd,numeric,percent,timeless,bandTouch,no,,,,,,,
CROWD_PICK_LIVE,crowd,numeric,percent,timeless,classifyZone,no,,,,,,,
CROWD_PICK_LIVE,crowd,numeric,percent,timeless,maxShare,no,,,,,,,
CROWD_PICK_LIVE,crowd,numeric,percent,timeless,rank,yes,,,,,,hi|lo,
CROWD_PICK_LIVE,crowd,numeric,percent,timeless,crossDetect,no,,,,,,,
CROWD_PICK_LIVE,crowd,numeric,percent,timeless,count,no,,,,,,,
CROWD_PICK_LIVE,crowd,numeric,percent,timeless,nearestZoneType,no,,,,,,,
CROWD_PICK_LIVE,crowd,numeric,percent,timeless,nearestZoneRange,no,,,,,,,
CROWD_PICK_LIVE,crowd,numeric,percent,timeless,nearestZoneDist,no,,,,,,,
CROWD_PICK_LIVE,crowd,numeric,percent,timeless,nearestZoneAge,no,,,,,,,
CROWD_UPBIAS_LIVE,crowd,numeric,percent,timeless,value,yes,,,,,,,
CROWD_UPBIAS_LIVE,crowd,numeric,percent,timeless,trajectory,no,,,,,,,
CROWD_UPBIAS_LIVE,crowd,numeric,percent,timeless,distance,no,,,,,,,
CROWD_UPBIAS_LIVE,crowd,numeric,percent,timeless,spread,no,,,,,,,
CROWD_UPBIAS_LIVE,crowd,numeric,percent,timeless,aggregate,no,,,,,,,
CROWD_UPBIAS_LIVE,crowd,numeric,percent,timeless,efficiency,no,,,,,,,
CROWD_UPBIAS_LIVE,crowd,numeric,percent,timeless,bandTouch,no,,,,,,,
CROWD_UPBIAS_LIVE,crowd,numeric,percent,timeless,classifyZone,no,,,,,,,
CROWD_UPBIAS_LIVE,crowd,numeric,percent,timeless,maxShare,no,,,,,,,
CROWD_UPBIAS_LIVE,crowd,numeric,percent,timeless,rank,yes,,,,,,hi|lo,
CROWD_UPBIAS_LIVE,crowd,numeric,percent,timeless,crossDetect,no,,,,,,,
CROWD_UPBIAS_LIVE,crowd,numeric,percent,timeless,count,no,,,,,,,
CROWD_UPBIAS_LIVE,crowd,numeric,percent,timeless,nearestZoneType,no,,,,,,,
CROWD_UPBIAS_LIVE,crowd,numeric,percent,timeless,nearestZoneRange,no,,,,,,,
CROWD_UPBIAS_LIVE,crowd,numeric,percent,timeless,nearestZoneDist,no,,,,,,,
CROWD_UPBIAS_LIVE,crowd,numeric,percent,timeless,nearestZoneAge,no,,,,,,,
CROWD_ACC_LIVE,crowd,numeric,percent,timeless,value,yes,,,,,,,
CROWD_ACC_LIVE,crowd,numeric,percent,timeless,trajectory,no,,,,,,,
CROWD_ACC_LIVE,crowd,numeric,percent,timeless,distance,no,,,,,,,
CROWD_ACC_LIVE,crowd,numeric,percent,timeless,spread,no,,,,,,,
CROWD_ACC_LIVE,crowd,numeric,percent,timeless,aggregate,no,,,,,,,
CROWD_ACC_LIVE,crowd,numeric,percent,timeless,efficiency,no,,,,,,,
CROWD_ACC_LIVE,crowd,numeric,percent,timeless,bandTouch,no,,,,,,,
CROWD_ACC_LIVE,crowd,numeric,percent,timeless,classifyZone,no,,,,,,,
CROWD_ACC_LIVE,crowd,numeric,percent,timeless,maxShare,no,,,,,,,
CROWD_ACC_LIVE,crowd,numeric,percent,timeless,rank,yes,,,,,,hi|lo,
CROWD_ACC_LIVE,crowd,numeric,percent,timeless,crossDetect,no,,,,,,,
CROWD_ACC_LIVE,crowd,numeric,percent,timeless,count,no,,,,,,,
CROWD_ACC_LIVE,crowd,numeric,percent,timeless,nearestZoneType,no,,,,,,,
CROWD_ACC_LIVE,crowd,numeric,percent,timeless,nearestZoneRange,no,,,,,,,
CROWD_ACC_LIVE,crowd,numeric,percent,timeless,nearestZoneDist,no,,,,,,,
CROWD_ACC_LIVE,crowd,numeric,percent,timeless,nearestZoneAge,no,,,,,,,
CROWD_CAPT_LIVE,crowd,numeric,percent,timeless,value,yes,,,,,,,
CROWD_CAPT_LIVE,crowd,numeric,percent,timeless,trajectory,no,,,,,,,
CROWD_CAPT_LIVE,crowd,numeric,percent,timeless,distance,no,,,,,,,
CROWD_CAPT_LIVE,crowd,numeric,percent,timeless,spread,no,,,,,,,
CROWD_CAPT_LIVE,crowd,numeric,percent,timeless,aggregate,no,,,,,,,
CROWD_CAPT_LIVE,crowd,numeric,percent,timeless,efficiency,no,,,,,,,
CROWD_CAPT_LIVE,crowd,numeric,percent,timeless,bandTouch,no,,,,,,,
CROWD_CAPT_LIVE,crowd,numeric,percent,timeless,classifyZone,no,,,,,,,
CROWD_CAPT_LIVE,crowd,numeric,percent,timeless,maxShare,no,,,,,,,
CROWD_CAPT_LIVE,crowd,numeric,percent,timeless,rank,yes,,,,,,hi|lo,
CROWD_CAPT_LIVE,crowd,numeric,percent,timeless,crossDetect,no,,,,,,,
CROWD_CAPT_LIVE,crowd,numeric,percent,timeless,count,no,,,,,,,
CROWD_CAPT_LIVE,crowd,numeric,percent,timeless,nearestZoneType,no,,,,,,,
CROWD_CAPT_LIVE,crowd,numeric,percent,timeless,nearestZoneRange,no,,,,,,,
CROWD_CAPT_LIVE,crowd,numeric,percent,timeless,nearestZoneDist,no,,,,,,,
CROWD_CAPT_LIVE,crowd,numeric,percent,timeless,nearestZoneAge,no,,,,,,,
SETTLED_AT,crowd,date,,timeless,value,yes,,,,,,,
SETTLED_AT,crowd,date,,timeless,trajectory,no,,,,,,,
SETTLED_AT,crowd,date,,timeless,distance,no,,,,,,,
SETTLED_AT,crowd,date,,timeless,spread,no,,,,,,,
SETTLED_AT,crowd,date,,timeless,aggregate,no,,,,,,,
SETTLED_AT,crowd,date,,timeless,efficiency,no,,,,,,,
SETTLED_AT,crowd,date,,timeless,bandTouch,no,,,,,,,
SETTLED_AT,crowd,date,,timeless,classifyZone,no,,,,,,,
SETTLED_AT,crowd,date,,timeless,maxShare,no,,,,,,,
SETTLED_AT,crowd,date,,timeless,rank,no,,,,,,,
SETTLED_AT,crowd,date,,timeless,crossDetect,no,,,,,,,
SETTLED_AT,crowd,date,,timeless,count,no,,,,,,,
SETTLED_AT,crowd,date,,timeless,nearestZoneType,no,,,,,,,
SETTLED_AT,crowd,date,,timeless,nearestZoneRange,no,,,,,,,
SETTLED_AT,crowd,date,,timeless,nearestZoneDist,no,,,,,,,
SETTLED_AT,crowd,date,,timeless,nearestZoneAge,no,,,,,,,
FLOW_ALIGN,derived,classification,,timeless,value,yes,,,,,,,
FLOW_ALIGN,derived,classification,,timeless,trajectory,no,,,,,,,
FLOW_ALIGN,derived,classification,,timeless,distance,no,,,,,,,
FLOW_ALIGN,derived,classification,,timeless,spread,no,,,,,,,
FLOW_ALIGN,derived,classification,,timeless,aggregate,no,,,,,,,
FLOW_ALIGN,derived,classification,,timeless,efficiency,no,,,,,,,
FLOW_ALIGN,derived,classification,,timeless,bandTouch,no,,,,,,,
FLOW_ALIGN,derived,classification,,timeless,classifyZone,no,,,,,,,
FLOW_ALIGN,derived,classification,,timeless,maxShare,no,,,,,,,
FLOW_ALIGN,derived,classification,,timeless,rank,no,,,,,,,
FLOW_ALIGN,derived,classification,,timeless,crossDetect,no,,,,,,,
FLOW_ALIGN,derived,classification,,timeless,count,no,,,,,,,
FLOW_ALIGN,derived,classification,,timeless,nearestZoneType,no,,,,,,,
FLOW_ALIGN,derived,classification,,timeless,nearestZoneRange,no,,,,,,,
FLOW_ALIGN,derived,classification,,timeless,nearestZoneDist,no,,,,,,,
FLOW_ALIGN,derived,classification,,timeless,nearestZoneAge,no,,,,,,,
SMART_RETAIL,derived,classification,,timeless,value,yes,,,,,,,
SMART_RETAIL,derived,classification,,timeless,trajectory,no,,,,,,,
SMART_RETAIL,derived,classification,,timeless,distance,no,,,,,,,
SMART_RETAIL,derived,classification,,timeless,spread,no,,,,,,,
SMART_RETAIL,derived,classification,,timeless,aggregate,no,,,,,,,
SMART_RETAIL,derived,classification,,timeless,efficiency,no,,,,,,,
SMART_RETAIL,derived,classification,,timeless,bandTouch,no,,,,,,,
SMART_RETAIL,derived,classification,,timeless,classifyZone,no,,,,,,,
SMART_RETAIL,derived,classification,,timeless,maxShare,no,,,,,,,
SMART_RETAIL,derived,classification,,timeless,rank,no,,,,,,,
SMART_RETAIL,derived,classification,,timeless,crossDetect,no,,,,,,,
SMART_RETAIL,derived,classification,,timeless,count,no,,,,,,,
SMART_RETAIL,derived,classification,,timeless,nearestZoneType,no,,,,,,,
SMART_RETAIL,derived,classification,,timeless,nearestZoneRange,no,,,,,,,
SMART_RETAIL,derived,classification,,timeless,nearestZoneDist,no,,,,,,,
SMART_RETAIL,derived,classification,,timeless,nearestZoneAge,no,,,,,,,
CAPTAIN_CONF,derived,boolean,,timeless,value,yes,,,,,,,
CAPTAIN_CONF,derived,boolean,,timeless,trajectory,no,,,,,,,
CAPTAIN_CONF,derived,boolean,,timeless,distance,no,,,,,,,
CAPTAIN_CONF,derived,boolean,,timeless,spread,no,,,,,,,
CAPTAIN_CONF,derived,boolean,,timeless,aggregate,no,,,,,,,
CAPTAIN_CONF,derived,boolean,,timeless,efficiency,no,,,,,,,
CAPTAIN_CONF,derived,boolean,,timeless,bandTouch,no,,,,,,,
CAPTAIN_CONF,derived,boolean,,timeless,classifyZone,no,,,,,,,
CAPTAIN_CONF,derived,boolean,,timeless,maxShare,no,,,,,,,
CAPTAIN_CONF,derived,boolean,,timeless,rank,no,,,,,,,
CAPTAIN_CONF,derived,boolean,,timeless,crossDetect,no,,,,,,,
CAPTAIN_CONF,derived,boolean,,timeless,count,no,,,,,,,
CAPTAIN_CONF,derived,boolean,,timeless,nearestZoneType,no,,,,,,,
CAPTAIN_CONF,derived,boolean,,timeless,nearestZoneRange,no,,,,,,,
CAPTAIN_CONF,derived,boolean,,timeless,nearestZoneDist,no,,,,,,,
CAPTAIN_CONF,derived,boolean,,timeless,nearestZoneAge,no,,,,,,,
CONFIDENCE,derived,classification,,timeless,value,yes,,,,,,,
CONFIDENCE,derived,classification,,timeless,trajectory,no,,,,,,,
CONFIDENCE,derived,classification,,timeless,distance,no,,,,,,,
CONFIDENCE,derived,classification,,timeless,spread,no,,,,,,,
CONFIDENCE,derived,classification,,timeless,aggregate,no,,,,,,,
CONFIDENCE,derived,classification,,timeless,efficiency,no,,,,,,,
CONFIDENCE,derived,classification,,timeless,bandTouch,no,,,,,,,
CONFIDENCE,derived,classification,,timeless,classifyZone,no,,,,,,,
CONFIDENCE,derived,classification,,timeless,maxShare,no,,,,,,,
CONFIDENCE,derived,classification,,timeless,rank,no,,,,,,,
CONFIDENCE,derived,classification,,timeless,crossDetect,no,,,,,,,
CONFIDENCE,derived,classification,,timeless,count,no,,,,,,,
CONFIDENCE,derived,classification,,timeless,nearestZoneType,no,,,,,,,
CONFIDENCE,derived,classification,,timeless,nearestZoneRange,no,,,,,,,
CONFIDENCE,derived,classification,,timeless,nearestZoneDist,no,,,,,,,
CONFIDENCE,derived,classification,,timeless,nearestZoneAge,no,,,,,,,
PERP_SPOT_FLOW,derived,classification,,timeless,value,yes,,,,,,,
PERP_SPOT_FLOW,derived,classification,,timeless,trajectory,no,,,,,,,
PERP_SPOT_FLOW,derived,classification,,timeless,distance,no,,,,,,,
PERP_SPOT_FLOW,derived,classification,,timeless,spread,no,,,,,,,
PERP_SPOT_FLOW,derived,classification,,timeless,aggregate,no,,,,,,,
PERP_SPOT_FLOW,derived,classification,,timeless,efficiency,no,,,,,,,
PERP_SPOT_FLOW,derived,classification,,timeless,bandTouch,no,,,,,,,
PERP_SPOT_FLOW,derived,classification,,timeless,classifyZone,no,,,,,,,
PERP_SPOT_FLOW,derived,classification,,timeless,maxShare,no,,,,,,,
PERP_SPOT_FLOW,derived,classification,,timeless,rank,no,,,,,,,
PERP_SPOT_FLOW,derived,classification,,timeless,crossDetect,no,,,,,,,
PERP_SPOT_FLOW,derived,classification,,timeless,count,no,,,,,,,
PERP_SPOT_FLOW,derived,classification,,timeless,nearestZoneType,no,,,,,,,
PERP_SPOT_FLOW,derived,classification,,timeless,nearestZoneRange,no,,,,,,,
PERP_SPOT_FLOW,derived,classification,,timeless,nearestZoneDist,no,,,,,,,
PERP_SPOT_FLOW,derived,classification,,timeless,nearestZoneAge,no,,,,,,,
PERP_SPOT_STRENGTH,derived,classification,,timeless,value,yes,,,,,,,
PERP_SPOT_STRENGTH,derived,classification,,timeless,trajectory,no,,,,,,,
PERP_SPOT_STRENGTH,derived,classification,,timeless,distance,no,,,,,,,
PERP_SPOT_STRENGTH,derived,classification,,timeless,spread,no,,,,,,,
PERP_SPOT_STRENGTH,derived,classification,,timeless,aggregate,no,,,,,,,
PERP_SPOT_STRENGTH,derived,classification,,timeless,efficiency,no,,,,,,,
PERP_SPOT_STRENGTH,derived,classification,,timeless,bandTouch,no,,,,,,,
PERP_SPOT_STRENGTH,derived,classification,,timeless,classifyZone,no,,,,,,,
PERP_SPOT_STRENGTH,derived,classification,,timeless,maxShare,no,,,,,,,
PERP_SPOT_STRENGTH,derived,classification,,timeless,rank,no,,,,,,,
PERP_SPOT_STRENGTH,derived,classification,,timeless,crossDetect,no,,,,,,,
PERP_SPOT_STRENGTH,derived,classification,,timeless,count,no,,,,,,,
PERP_SPOT_STRENGTH,derived,classification,,timeless,nearestZoneType,no,,,,,,,
PERP_SPOT_STRENGTH,derived,classification,,timeless,nearestZoneRange,no,,,,,,,
PERP_SPOT_STRENGTH,derived,classification,,timeless,nearestZoneDist,no,,,,,,,
PERP_SPOT_STRENGTH,derived,classification,,timeless,nearestZoneAge,no,,,,,,,
PERP_SPOT_CONFIRMS,derived,boolean,,timeless,value,yes,,,,,,,
PERP_SPOT_CONFIRMS,derived,boolean,,timeless,trajectory,no,,,,,,,
PERP_SPOT_CONFIRMS,derived,boolean,,timeless,distance,no,,,,,,,
PERP_SPOT_CONFIRMS,derived,boolean,,timeless,spread,no,,,,,,,
PERP_SPOT_CONFIRMS,derived,boolean,,timeless,aggregate,no,,,,,,,
PERP_SPOT_CONFIRMS,derived,boolean,,timeless,efficiency,no,,,,,,,
PERP_SPOT_CONFIRMS,derived,boolean,,timeless,bandTouch,no,,,,,,,
PERP_SPOT_CONFIRMS,derived,boolean,,timeless,classifyZone,no,,,,,,,
PERP_SPOT_CONFIRMS,derived,boolean,,timeless,maxShare,no,,,,,,,
PERP_SPOT_CONFIRMS,derived,boolean,,timeless,rank,no,,,,,,,
PERP_SPOT_CONFIRMS,derived,boolean,,timeless,crossDetect,no,,,,,,,
PERP_SPOT_CONFIRMS,derived,boolean,,timeless,count,no,,,,,,,
PERP_SPOT_CONFIRMS,derived,boolean,,timeless,nearestZoneType,no,,,,,,,
PERP_SPOT_CONFIRMS,derived,boolean,,timeless,nearestZoneRange,no,,,,,,,
PERP_SPOT_CONFIRMS,derived,boolean,,timeless,nearestZoneDist,no,,,,,,,
PERP_SPOT_CONFIRMS,derived,boolean,,timeless,nearestZoneAge,no,,,,,,,
